0 verbose cli /usr/local/bin/node /usr/local/bin/npm
1 info using npm@11.6.2
2 info using node@v24.13.0
3 silly config load:file:/usr/local/lib/node_modules/npm/npmrc
4 silly config load:file:/Users/alexander/Documents/healthy-air-hvac-template-astro/.npmrc
5 silly config load:file:/Users/alexander/.npmrc
6 silly config load:file:/usr/local/etc/npmrc
7 verbose title npm install
8 verbose argv "install" "--loglevel" "silent"
9 verbose logfile logs-max:10 dir:/Users/alexander/Documents/healthy-air-hvac-template-astro/.npm_cache/_logs/2026-05-12T19_47_51_846Z-
10 verbose logfile /Users/alexander/Documents/healthy-air-hvac-template-astro/.npm_cache/_logs/2026-05-12T19_47_51_846Z-debug-0.log
11 silly logfile start cleaning logs, removing 1 files
12 silly packumentCache heap:4496293888 maxSize:1124073472 maxEntrySize:562036736
13 silly logfile done cleaning log files
14 silly idealTree buildDeps
15 silly reify moves {}
16 http cache @parcel/watcher-wasm@https://registry.npmjs.org/@parcel/watcher-wasm/-/watcher-wasm-2.5.6.tgz 0ms (cache hit)
17 silly audit bulk request {
17 silly audit   '@astrojs/compiler': [ '2.13.1' ],
17 silly audit   '@astrojs/internal-helpers': [ '0.7.5' ],
17 silly audit   '@astrojs/markdown-remark': [ '6.3.10' ],
17 silly audit   '@astrojs/netlify': [ '6.6.4' ],
17 silly audit   '@esbuild/aix-ppc64': [ '0.25.12', '0.27.3', '0.27.2' ],
17 silly audit   '@esbuild/android-arm': [ '0.25.12', '0.27.3', '0.27.2' ],
17 silly audit   '@esbuild/android-arm64': [ '0.25.12', '0.27.3', '0.27.2' ],
17 silly audit   '@esbuild/android-x64': [ '0.25.12', '0.27.3', '0.27.2' ],
17 silly audit   '@esbuild/darwin-arm64': [ '0.25.12', '0.27.3', '0.27.2' ],
17 silly audit   '@esbuild/darwin-x64': [ '0.25.12', '0.27.3', '0.27.2' ],
17 silly audit   '@esbuild/freebsd-arm64': [ '0.25.12', '0.27.3', '0.27.2' ],
17 silly audit   '@esbuild/freebsd-x64': [ '0.25.12', '0.27.3', '0.27.2' ],
17 silly audit   '@esbuild/linux-arm': [ '0.25.12', '0.27.3', '0.27.2' ],
17 silly audit   '@esbuild/linux-arm64': [ '0.25.12', '0.27.3', '0.27.2' ],
17 silly audit   '@esbuild/linux-ia32': [ '0.25.12', '0.27.3', '0.27.2' ],
17 silly audit   '@esbuild/linux-loong64': [ '0.25.12', '0.27.3', '0.27.2' ],
17 silly audit   '@esbuild/linux-mips64el': [ '0.25.12', '0.27.3', '0.27.2' ],
17 silly audit   '@esbuild/linux-ppc64': [ '0.25.12', '0.27.3', '0.27.2' ],
17 silly audit   '@esbuild/linux-riscv64': [ '0.25.12', '0.27.3', '0.27.2' ],
17 silly audit   '@esbuild/linux-s390x': [ '0.25.12', '0.27.3', '0.27.2' ],
17 silly audit   '@esbuild/linux-x64': [ '0.25.12', '0.27.3', '0.27.2' ],
17 silly audit   '@esbuild/netbsd-arm64': [ '0.25.12', '0.27.3', '0.27.2' ],
17 silly audit   '@esbuild/netbsd-x64': [ '0.25.12', '0.27.3', '0.27.2' ],
17 silly audit   '@esbuild/openbsd-arm64': [ '0.25.12', '0.27.3', '0.27.2' ],
17 silly audit   '@esbuild/openbsd-x64': [ '0.25.12', '0.27.3', '0.27.2' ],
17 silly audit   '@esbuild/openharmony-arm64': [ '0.25.12', '0.27.3', '0.27.2' ],
17 silly audit   '@esbuild/sunos-x64': [ '0.25.12', '0.27.3', '0.27.2' ],
17 silly audit   '@esbuild/win32-arm64': [ '0.25.12', '0.27.3', '0.27.2' ],
17 silly audit   '@esbuild/win32-ia32': [ '0.25.12', '0.27.3', '0.27.2' ],
17 silly audit   '@esbuild/win32-x64': [ '0.25.12', '0.27.3', '0.27.2' ],
17 silly audit   esbuild: [ '0.25.12', '0.27.2', '0.27.3' ],
17 silly audit   '@astrojs/prism': [ '3.3.0' ],
17 silly audit   '@astrojs/react': [ '4.4.2' ],
17 silly audit   '@astrojs/sitemap': [ '3.7.0' ],
17 silly audit   '@astrojs/telemetry': [ '3.3.0' ],
17 silly audit   '@astrojs/underscore-redirects': [ '1.0.0' ],
17 silly audit   '@babel/code-frame': [ '7.29.0' ],
17 silly audit   '@babel/compat-data': [ '7.29.0' ],
17 silly audit   '@babel/core': [ '7.29.0' ],
17 silly audit   semver: [ '6.3.1', '7.7.4' ],
17 silly audit   '@babel/generator': [ '7.29.1' ],
17 silly audit   '@babel/helper-compilation-targets': [ '7.28.6' ],
17 silly audit   'lru-cache': [ '5.1.1', '10.4.3', '11.2.6' ],
17 silly audit   yallist: [ '3.1.1', '5.0.0' ],
17 silly audit   '@babel/helper-globals': [ '7.28.0' ],
17 silly audit   '@babel/helper-module-imports': [ '7.28.6' ],
17 silly audit   '@babel/helper-module-transforms': [ '7.28.6' ],
17 silly audit   '@babel/helper-plugin-utils': [ '7.28.6' ],
17 silly audit   '@babel/helper-string-parser': [ '7.27.1' ],
17 silly audit   '@babel/helper-validator-identifier': [ '7.28.5' ],
17 silly audit   '@babel/helper-validator-option': [ '7.27.1' ],
17 silly audit   '@babel/helpers': [ '7.28.6' ],
17 silly audit   '@babel/parser': [ '7.29.0' ],
17 silly audit   '@babel/plugin-transform-react-jsx-self': [ '7.27.1' ],
17 silly audit   '@babel/plugin-transform-react-jsx-source': [ '7.27.1' ],
17 silly audit   '@babel/template': [ '7.28.6' ],
17 silly audit   '@babel/traverse': [ '7.29.0' ],
17 silly audit   '@babel/types': [ '7.29.0' ],
17 silly audit   '@capsizecss/unpack': [ '4.0.0' ],
17 silly audit   '@colors/colors': [ '1.6.0' ],
17 silly audit   '@dabh/diagnostics': [ '2.0.8' ],
17 silly audit   '@dependents/detective-less': [ '5.0.1' ],
17 silly audit   '@electric-sql/pglite': [ '0.3.15' ],
17 silly audit   '@emnapi/runtime': [ '1.8.1' ],
17 silly audit   '@envelop/instrumentation': [ '1.0.0' ],
17 silly audit   '@fastify/accept-negotiator': [ '2.0.1' ],
17 silly audit   '@fastify/busboy': [ '3.2.0' ],
17 silly audit   '@humanwhocodes/momoa': [ '2.0.4' ],
17 silly audit   '@iarna/toml': [ '2.2.5' ],
17 silly audit   '@img/colour': [ '1.1.0' ],
17 silly audit   '@img/sharp-darwin-arm64': [ '0.34.5' ],
17 silly audit   '@img/sharp-darwin-x64': [ '0.34.5' ],
17 silly audit   '@img/sharp-libvips-darwin-arm64': [ '1.2.4' ],
17 silly audit   '@img/sharp-libvips-darwin-x64': [ '1.2.4' ],
17 silly audit   '@img/sharp-libvips-linux-arm': [ '1.2.4' ],
17 silly audit   '@img/sharp-libvips-linux-arm64': [ '1.2.4' ],
17 silly audit   '@img/sharp-libvips-linux-ppc64': [ '1.2.4' ],
17 silly audit   '@img/sharp-libvips-linux-riscv64': [ '1.2.4' ],
17 silly audit   '@img/sharp-libvips-linux-s390x': [ '1.2.4' ],
17 silly audit   '@img/sharp-libvips-linux-x64': [ '1.2.4' ],
17 silly audit   '@img/sharp-libvips-linuxmusl-arm64': [ '1.2.4' ],
17 silly audit   '@img/sharp-libvips-linuxmusl-x64': [ '1.2.4' ],
17 silly audit   '@img/sharp-linux-arm': [ '0.34.5' ],
17 silly audit   '@img/sharp-linux-arm64': [ '0.34.5' ],
17 silly audit   '@img/sharp-linux-ppc64': [ '0.34.5' ],
17 silly audit   '@img/sharp-linux-riscv64': [ '0.34.5' ],
17 silly audit   '@img/sharp-linux-s390x': [ '0.34.5' ],
17 silly audit   '@img/sharp-linux-x64': [ '0.34.5' ],
17 silly audit   '@img/sharp-linuxmusl-arm64': [ '0.34.5' ],
17 silly audit   '@img/sharp-linuxmusl-x64': [ '0.34.5' ],
17 silly audit   '@img/sharp-wasm32': [ '0.34.5' ],
17 silly audit   '@img/sharp-win32-arm64': [ '0.34.5' ],
17 silly audit   '@img/sharp-win32-ia32': [ '0.34.5' ],
17 silly audit   '@img/sharp-win32-x64': [ '0.34.5' ],
17 silly audit   '@import-maps/resolve': [ '2.0.0' ],
17 silly audit   '@isaacs/cliui': [ '8.0.2' ],
17 silly audit   'emoji-regex': [ '9.2.2', '8.0.0', '10.6.0' ],
17 silly audit   'string-width': [ '5.1.2', '4.2.3', '7.2.0' ],
17 silly audit   'wrap-ansi': [ '8.1.0', '7.0.0', '9.0.2' ],
17 silly audit   '@isaacs/fs-minipass': [ '4.0.1' ],
17 silly audit   '@jridgewell/gen-mapping': [ '0.3.13' ],
17 silly audit   '@jridgewell/remapping': [ '2.3.5' ],
17 silly audit   '@jridgewell/resolve-uri': [ '3.1.2' ],
17 silly audit   '@jridgewell/sourcemap-codec': [ '1.5.5' ],
17 silly audit   '@jridgewell/trace-mapping': [ '0.3.31' ],
17 silly audit   '@mapbox/node-pre-gyp': [ '2.0.3' ],
17 silly audit   '@netlify/ai': [ '0.4.0' ],
17 silly audit   '@netlify/api': [ '14.0.17' ],
17 silly audit   'node-fetch': [ '3.3.2', '2.7.0' ],
17 silly audit   '@netlify/binary-info': [ '1.0.0' ],
17 silly audit   '@netlify/blobs': [ '10.7.0' ],
17 silly audit   '@netlify/cache': [ '3.4.0' ],
17 silly audit   '@netlify/config': [ '24.4.3' ],
17 silly audit   zod: [ '4.3.6', '3.25.76' ],
17 silly audit   '@netlify/db-dev': [ '0.5.0' ],
17 silly audit   '@netlify/dev': [ '4.14.1' ],
17 silly audit   '@netlify/dev-utils': [ '4.3.3' ],
17 silly audit   chokidar: [ '4.0.3', '5.0.0' ],
17 silly audit   readdirp: [ '4.1.2', '5.0.0' ],
17 silly audit   '@netlify/edge-bundler': [ '14.9.14' ],
17 silly audit   ajv: [ '8.18.0', '6.14.0' ],
17 silly audit   'ajv-errors': [ '3.0.0' ],
17 silly audit   'json-schema-traverse': [ '1.0.0', '0.4.1' ],
17 silly audit   'path-key': [ '4.0.0', '3.1.1' ],
17 silly audit   uuid: [ '11.1.0', '13.0.0' ],
17 silly audit   '@netlify/edge-functions': [ '3.0.3' ],
17 silly audit   '@netlify/edge-functions-bootstrap': [ '2.16.0' ],
17 silly audit   '@netlify/edge-functions-dev': [ '1.0.11' ],
17 silly audit   '@netlify/functions': [ '5.1.2' ],
17 silly audit   '@netlify/functions-dev': [ '1.1.12' ],
17 silly audit   '@netlify/headers': [ '2.1.3' ],
17 silly audit   '@netlify/headers-parser': [ '9.0.3' ],
17 silly audit   '@netlify/images': [ '1.3.3' ],
17 silly audit   '@netlify/open-api': [ '2.50.0' ],
17 silly audit   '@netlify/otel': [ '5.1.1' ],
17 silly audit   '@netlify/redirect-parser': [ '15.0.4' ],
17 silly audit   '@netlify/redirects': [ '3.1.5' ],
17 silly audit   '@netlify/runtime': [ '4.1.16' ],
17 silly audit   '@netlify/runtime-utils': [ '2.3.0' ],
17 silly audit   '@netlify/serverless-functions-api': [ '2.10.0' ],
17 silly audit   '@netlify/static': [ '3.1.3' ],
17 silly audit   '@netlify/types': [ '2.3.0' ],
17 silly audit   '@netlify/vite-plugin': [ '2.10.8' ],
17 silly audit   '@netlify/zip-it-and-ship-it': [ '14.4.1' ],
17 silly audit   '@vercel/nft': [ '0.29.4', '0.30.4' ],
17 silly audit   'estree-walker': [ '2.0.2', '3.0.3' ],
17 silly audit   '@nodelib/fs.scandir': [ '2.1.5' ],
17 silly audit   '@nodelib/fs.stat': [ '2.0.5' ],
17 silly audit   '@nodelib/fs.walk': [ '1.2.8' ],
17 silly audit   '@opentelemetry/api': [ '1.9.0' ],
17 silly audit   '@opentelemetry/api-logs': [ '0.203.0' ],
17 silly audit   '@opentelemetry/context-async-hooks': [ '1.30.1' ],
17 silly audit   '@opentelemetry/core': [ '1.30.1' ],
17 silly audit   '@opentelemetry/instrumentation': [ '0.203.0' ],
17 silly audit   '@opentelemetry/propagator-b3': [ '1.30.1' ],
17 silly audit   '@opentelemetry/propagator-jaeger': [ '1.30.1' ],
17 silly audit   '@opentelemetry/resources': [ '1.30.1' ],
17 silly audit   '@opentelemetry/sdk-trace-base': [ '1.30.1' ],
17 silly audit   '@opentelemetry/sdk-trace-node': [ '1.30.1' ],
17 silly audit   '@opentelemetry/semantic-conventions': [ '1.28.0' ],
17 silly audit   '@oslojs/encoding': [ '1.1.0' ],
17 silly audit   '@parcel/watcher': [ '2.5.6' ],
17 silly audit   '@parcel/watcher-android-arm64': [ '2.5.6' ],
17 silly audit   '@parcel/watcher-darwin-arm64': [ '2.5.6' ],
17 silly audit   '@parcel/watcher-darwin-x64': [ '2.5.6' ],
17 silly audit   '@parcel/watcher-freebsd-x64': [ '2.5.6' ],
17 silly audit   '@parcel/watcher-linux-arm-glibc': [ '2.5.6' ],
17 silly audit   '@parcel/watcher-linux-arm-musl': [ '2.5.6' ],
17 silly audit   '@parcel/watcher-linux-arm64-glibc': [ '2.5.6' ],
17 silly audit   '@parcel/watcher-linux-arm64-musl': [ '2.5.6' ],
17 silly audit   '@parcel/watcher-linux-x64-glibc': [ '2.5.6' ],
17 silly audit   '@parcel/watcher-linux-x64-musl': [ '2.5.6' ],
17 silly audit   '@parcel/watcher-win32-arm64': [ '2.5.6' ],
17 silly audit   '@parcel/watcher-win32-ia32': [ '2.5.6' ],
17 silly audit   '@parcel/watcher-win32-x64': [ '2.5.6' ],
17 silly audit   '@pkgjs/parseargs': [ '0.11.0' ],
17 silly audit   '@rolldown/pluginutils': [ '1.0.0-beta.27' ],
17 silly audit   '@rollup/pluginutils': [ '5.3.0' ],
17 silly audit   '@rollup/rollup-android-arm-eabi': [ '4.59.0' ],
17 silly audit   '@rollup/rollup-android-arm64': [ '4.59.0' ],
17 silly audit   '@rollup/rollup-darwin-arm64': [ '4.59.0' ],
17 silly audit   '@rollup/rollup-darwin-x64': [ '4.59.0' ],
17 silly audit   '@rollup/rollup-freebsd-arm64': [ '4.59.0' ],
17 silly audit   '@rollup/rollup-freebsd-x64': [ '4.59.0' ],
17 silly audit   '@rollup/rollup-linux-arm-gnueabihf': [ '4.59.0' ],
17 silly audit   '@rollup/rollup-linux-arm-musleabihf': [ '4.59.0' ],
17 silly audit   '@rollup/rollup-linux-arm64-gnu': [ '4.59.0' ],
17 silly audit   '@rollup/rollup-linux-arm64-musl': [ '4.59.0' ],
17 silly audit   '@rollup/rollup-linux-loong64-gnu': [ '4.59.0' ],
17 silly audit   '@rollup/rollup-linux-loong64-musl': [ '4.59.0' ],
17 silly audit   '@rollup/rollup-linux-ppc64-gnu': [ '4.59.0' ],
17 silly audit   '@rollup/rollup-linux-ppc64-musl': [ '4.59.0' ],
17 silly audit   '@rollup/rollup-linux-riscv64-gnu': [ '4.59.0' ],
17 silly audit   '@rollup/rollup-linux-riscv64-musl': [ '4.59.0' ],
17 silly audit   '@rollup/rollup-linux-s390x-gnu': [ '4.59.0' ],
17 silly audit   '@rollup/rollup-linux-x64-gnu': [ '4.59.0' ],
17 silly audit   '@rollup/rollup-linux-x64-musl': [ '4.59.0' ],
17 silly audit   '@rollup/rollup-openbsd-x64': [ '4.59.0' ],
17 silly audit   '@rollup/rollup-openharmony-arm64': [ '4.59.0' ],
17 silly audit   '@rollup/rollup-win32-arm64-msvc': [ '4.59.0' ],
17 silly audit   '@rollup/rollup-win32-ia32-msvc': [ '4.59.0' ],
17 silly audit   '@rollup/rollup-win32-x64-gnu': [ '4.59.0' ],
17 silly audit   '@rollup/rollup-win32-x64-msvc': [ '4.59.0' ],
17 silly audit   '@shikijs/core': [ '3.23.0' ],
17 silly audit   '@shikijs/engine-javascript': [ '3.23.0' ],
17 silly audit   '@shikijs/engine-oniguruma': [ '3.23.0' ],
17 silly audit   '@shikijs/langs': [ '3.23.0' ],
17 silly audit   '@shikijs/themes': [ '3.23.0' ],
17 silly audit   '@shikijs/types': [ '3.23.0' ],
17 silly audit   '@shikijs/vscode-textmate': [ '10.0.2' ],
17 silly audit   '@so-ric/colorspace': [ '1.1.6' ],
17 silly audit   '@sveltejs/acorn-typescript': [ '1.0.9' ],
17 silly audit   '@types/babel__core': [ '7.20.5' ],
17 silly audit   '@types/babel__generator': [ '7.27.0' ],
17 silly audit   '@types/babel__template': [ '7.4.4' ],
17 silly audit   '@types/babel__traverse': [ '7.28.0' ],
17 silly audit   '@types/debug': [ '4.1.12' ],
17 silly audit   '@types/estree': [ '1.0.8' ],
17 silly audit   '@types/hast': [ '3.0.4' ],
17 silly audit   '@types/mdast': [ '4.0.4' ],
17 silly audit   '@types/ms': [ '2.1.0' ],
17 silly audit   '@types/nlcst': [ '2.0.3' ],
17 silly audit   '@types/node': [ '25.3.5', '17.0.45' ],
17 silly audit   '@types/normalize-package-data': [ '2.4.4' ],
17 silly audit   '@types/react': [ '19.2.14' ],
17 silly audit   '@types/react-dom': [ '19.2.3' ],
17 silly audit   '@types/retry': [ '0.12.2' ],
17 silly audit   '@types/sax': [ '1.2.7' ],
17 silly audit   '@types/triple-beam': [ '1.3.5' ],
17 silly audit   '@types/unist': [ '3.0.3' ],
17 silly audit   '@types/yauzl': [ '2.10.3' ],
17 silly audit   '@typescript-eslint/project-service': [ '8.56.1' ],
17 silly audit   '@typescript-eslint/tsconfig-utils': [ '8.56.1' ],
17 silly audit   '@typescript-eslint/types': [ '8.56.1' ],
17 silly audit   '@typescript-eslint/typescript-estree': [ '8.56.1' ],
17 silly audit   'balanced-match': [ '4.0.4', '1.0.2' ],
17 silly audit   'brace-expansion': [ '5.0.4', '2.0.2' ],
17 silly audit   minimatch: [ '10.2.4', '9.0.9', '5.1.9' ],
17 silly audit   '@typescript-eslint/visitor-keys': [ '8.56.1' ],
17 silly audit   '@ungap/structured-clone': [ '1.3.0' ],
17 silly audit   '@vitejs/plugin-react': [ '4.7.0' ],
17 silly audit   '@vue/compiler-core': [ '3.5.29' ],
17 silly audit   entities: [ '7.0.1', '4.5.0', '6.0.1' ],
17 silly audit   '@vue/compiler-dom': [ '3.5.29' ],
17 silly audit   '@vue/compiler-sfc': [ '3.5.29' ],
17 silly audit   '@vue/compiler-ssr': [ '3.5.29' ],
17 silly audit   '@vue/shared': [ '3.5.29' ],
17 silly audit   '@whatwg-node/disposablestack': [ '0.0.6' ],
17 silly audit   '@whatwg-node/fetch': [ '0.10.13' ],
17 silly audit   'urlpattern-polyfill': [ '10.1.0', '8.0.2' ],
17 silly audit   '@whatwg-node/node-fetch': [ '0.8.5' ],
17 silly audit   '@whatwg-node/promise-helpers': [ '1.3.2' ],
17 silly audit   '@whatwg-node/server': [ '0.10.18' ],
17 silly audit   abbrev: [ '3.0.1' ],
17 silly audit   'abort-controller': [ '3.0.0' ],
17 silly audit   acorn: [ '8.16.0' ],
17 silly audit   'acorn-import-attributes': [ '1.9.5' ],
17 silly audit   'agent-base': [ '7.1.4' ],
17 silly audit   'ansi-align': [ '3.0.1' ],
17 silly audit   'ansi-regex': [ '5.0.1', '6.2.2' ],
17 silly audit   'strip-ansi': [ '6.0.1', '7.2.0' ],
17 silly audit   'ansi-styles': [ '6.2.3', '4.3.0' ],
17 silly audit   ansis: [ '4.2.0' ],
17 silly audit   anymatch: [ '3.1.3' ],
17 silly audit   picomatch: [ '2.3.1', '4.0.3' ],
17 silly audit   archiver: [ '7.0.1' ],
17 silly audit   'archiver-utils': [ '5.0.2' ],
17 silly audit   'is-stream': [ '2.0.1', '3.0.0', '4.0.1' ],
17 silly audit   arg: [ '5.0.2' ],
17 silly audit   argparse: [ '2.0.1' ],
17 silly audit   'aria-query': [ '5.3.2' ],
17 silly audit   'array-buffer-byte-length': [ '1.0.2' ],
17 silly audit   'array-iterate': [ '2.0.1' ],
17 silly audit   'array.prototype.flatmap': [ '1.3.3' ],
17 silly audit   'arraybuffer.prototype.slice': [ '1.0.4' ],
17 silly audit   'ast-module-types': [ '6.0.1' ],
17 silly audit   astro: [ '5.18.0' ],
17 silly audit   async: [ '3.2.6' ],
17 silly audit   'async-function': [ '1.0.0' ],
17 silly audit   'async-sema': [ '3.1.1' ],
17 silly audit   'available-typed-arrays': [ '1.0.7' ],
17 silly audit   'axobject-query': [ '4.1.0' ],
17 silly audit   b4a: [ '1.8.0' ],
17 silly audit   bail: [ '2.0.2' ],
17 silly audit   'bare-events': [ '2.8.2' ],
17 silly audit   'bare-fs': [ '4.5.5' ],
17 silly audit   'bare-os': [ '3.7.1' ],
17 silly audit   'bare-path': [ '3.0.0' ],
17 silly audit   'bare-stream': [ '2.8.0' ],
17 silly audit   'bare-url': [ '2.3.2' ],
17 silly audit   'base-64': [ '1.0.0' ],
17 silly audit   'base64-js': [ '1.5.1' ],
17 silly audit   'baseline-browser-mapping': [ '2.10.0' ],
17 silly audit   'better-ajv-errors': [ '1.2.0' ],
17 silly audit   chalk: [ '4.1.2', '5.6.2' ],
17 silly audit   bindings: [ '1.5.0' ],
17 silly audit   boolbase: [ '1.0.0' ],
17 silly audit   boxen: [ '8.0.1' ],
17 silly audit   braces: [ '3.0.3' ],
17 silly audit   browserslist: [ '4.28.1' ],
17 silly audit   buffer: [ '6.0.3' ],
17 silly audit   'buffer-crc32': [ '1.0.0', '0.2.13' ],
17 silly audit   'buffer-equal-constant-time': [ '1.0.1' ],
17 silly audit   'buffer-from': [ '1.1.2' ],
17 silly audit   'call-bind': [ '1.0.8' ],
17 silly audit   'call-bind-apply-helpers': [ '1.0.2' ],
17 silly audit   'call-bound': [ '1.0.4' ],
17 silly audit   callsite: [ '1.0.0' ],
17 silly audit   camelcase: [ '8.0.0' ],
17 silly audit   'caniuse-lite': [ '1.0.30001777' ],
17 silly audit   ccount: [ '2.0.1' ],
17 silly audit   'character-entities': [ '2.0.2' ],
17 silly audit   'character-entities-html4': [ '2.1.0' ],
17 silly audit   'character-entities-legacy': [ '3.0.0' ],
17 silly audit   cheerio: [ '1.2.0' ],
17 silly audit   'cheerio-select': [ '2.1.0' ],
17 silly audit   chownr: [ '3.0.0' ],
17 silly audit   'ci-info': [ '4.4.0' ],
17 silly audit   citty: [ '0.1.6' ],
17 silly audit   'cjs-module-lexer': [ '1.4.3' ],
17 silly audit   'cli-boxes': [ '3.0.0' ],
17 silly audit   clipboardy: [ '4.0.0' ],
17 silly audit   cliui: [ '8.0.1' ],
17 silly audit   clsx: [ '2.1.1' ],
17 silly audit   color: [ '5.0.3' ],
17 silly audit   'color-convert': [ '2.0.1', '3.1.3' ],
17 silly audit   'color-name': [ '1.1.4', '2.1.0' ],
17 silly audit   'color-string': [ '2.1.4' ],
17 silly audit   'comma-separated-tokens': [ '2.0.3' ],
17 silly audit   commander: [ '11.1.0', '10.0.1', '12.1.0', '2.20.3' ],
17 silly audit   'common-ancestor-path': [ '1.0.1' ],
17 silly audit   'common-path-prefix': [ '3.0.0' ],
17 silly audit   'compress-commons': [ '6.0.2' ],
17 silly audit   confbox: [ '0.1.8' ],
17 silly audit   consola: [ '3.4.2' ],
17 silly audit   'convert-source-map': [ '2.0.0' ],
17 silly audit   cookie: [ '1.1.1' ],
17 silly audit   'cookie-es': [ '1.2.2' ],
17 silly audit   'copy-file': [ '11.1.0' ],
17 silly audit   'core-util-is': [ '1.0.3' ],
17 silly audit   'crc-32': [ '1.2.2' ],
17 silly audit   'crc32-stream': [ '6.0.0' ],
17 silly audit   'cron-parser': [ '4.9.0' ],
17 silly audit   'cross-spawn': [ '7.0.6' ],
17 silly audit   crossws: [ '0.3.5' ],
17 silly audit   'css-select': [ '5.2.2' ],
17 silly audit   'css-tree': [ '3.2.1', '2.2.1' ],
17 silly audit   'css-what': [ '6.2.2' ],
17 silly audit   cssesc: [ '3.0.0' ],
17 silly audit   cssfilter: [ '0.0.10' ],
17 silly audit   csso: [ '5.0.5' ],
17 silly audit   'mdn-data': [ '2.0.28', '2.27.1' ],
17 silly audit   csstype: [ '3.2.3' ],
17 silly audit   'data-uri-to-buffer': [ '4.0.1' ],
17 silly audit   'data-view-buffer': [ '1.0.2' ],
17 silly audit   'data-view-byte-length': [ '1.0.2' ],
17 silly audit   'data-view-byte-offset': [ '1.0.1' ],
17 silly audit   debug: [ '4.4.3' ],
17 silly audit   decache: [ '4.6.2' ],
17 silly audit   'decode-named-character-reference': [ '1.3.0' ],
17 silly audit   dedent: [ '1.7.2' ],
17 silly audit   deepmerge: [ '4.3.1' ],
17 silly audit   'define-data-property': [ '1.1.4' ],
17 silly audit   'define-properties': [ '1.2.1' ],
17 silly audit   defu: [ '6.1.4' ],
17 silly audit   dequal: [ '2.0.3' ],
17 silly audit   destr: [ '2.0.5' ],
17 silly audit   'detect-libc': [ '2.1.2' ],
17 silly audit   'detective-amd': [ '6.0.1' ],
17 silly audit   'detective-cjs': [ '6.1.0' ],
17 silly audit   'detective-es6': [ '5.0.1' ],
17 silly audit   'detective-postcss': [ '7.0.1' ],
17 silly audit   'detective-sass': [ '6.0.1' ],
17 silly audit   'detective-scss': [ '5.0.1' ],
17 silly audit   'detective-stylus': [ '5.0.1' ],
17 silly audit   'detective-typescript': [ '14.0.0' ],
17 silly audit   'detective-vue2': [ '2.2.0' ],
17 silly audit   'deterministic-object-hash': [ '2.0.2' ],
17 silly audit   dettle: [ '1.0.5' ],
17 silly audit   devalue: [ '5.6.3' ],
17 silly audit   devlop: [ '1.1.0' ],
17 silly audit   diff: [ '8.0.3' ],
17 silly audit   dlv: [ '1.1.3' ],
17 silly audit   'dom-serializer': [ '2.0.0' ],
17 silly audit   domelementtype: [ '2.3.0' ],
17 silly audit   domhandler: [ '5.0.3' ],
17 silly audit   domutils: [ '3.2.2' ],
17 silly audit   'dot-prop': [ '9.0.0' ],
17 silly audit   dotenv: [ '16.6.1' ],
17 silly audit   dset: [ '3.1.4' ],
17 silly audit   'dunder-proto': [ '1.0.1' ],
17 silly audit   eastasianwidth: [ '0.2.0' ],
17 silly audit   'ecdsa-sig-formatter': [ '1.0.11' ],
17 silly audit   'electron-to-chromium': [ '1.5.307' ],
17 silly audit   empathic: [ '2.0.0' ],
17 silly audit   enabled: [ '2.0.0' ],
17 silly audit   'encoding-sniffer': [ '0.2.1' ],
17 silly audit   'end-of-stream': [ '1.4.5' ],
17 silly audit   'env-paths': [ '3.0.0' ],
17 silly audit   'es-abstract': [ '1.24.1' ],
17 silly audit   'es-define-property': [ '1.0.1' ],
17 silly audit   'es-errors': [ '1.3.0' ],
17 silly audit   'es-module-lexer': [ '1.7.0' ],
17 silly audit   'es-object-atoms': [ '1.1.1' ],
17 silly audit   'es-set-tostringtag': [ '2.1.0' ],
17 silly audit   'es-shim-unscopables': [ '1.1.0' ],
17 silly audit   'es-to-primitive': [ '1.3.0' ],
17 silly audit   escalade: [ '3.2.0' ],
17 silly audit   'escape-string-regexp': [ '5.0.0' ],
17 silly audit   escodegen: [ '2.1.0' ],
17 silly audit   'eslint-visitor-keys': [ '5.0.1' ],
17 silly audit   esprima: [ '4.0.1' ],
17 silly audit   estraverse: [ '5.3.0' ],
17 silly audit   esutils: [ '2.0.3' ],
17 silly audit   etag: [ '1.8.1' ],
17 silly audit   'event-target-shim': [ '5.0.1' ],
17 silly audit   eventemitter3: [ '5.0.4' ],
17 silly audit   events: [ '3.3.0' ],
17 silly audit   'events-universal': [ '1.0.1' ],
17 silly audit   execa: [ '8.0.1' ],
17 silly audit   extend: [ '3.0.2' ],
17 silly audit   'extract-zip': [ '2.0.1' ],
17 silly audit   'get-stream': [ '5.2.0', '8.0.1' ],
17 silly audit   'fast-deep-equal': [ '3.1.3' ],
17 silly audit   'fast-fifo': [ '1.3.2' ],
17 silly audit   'fast-glob': [ '3.3.3' ],
17 silly audit   'fast-json-stable-stringify': [ '2.1.0' ],
17 silly audit   'fast-safe-stringify': [ '2.1.1' ],
17 silly audit   'fast-uri': [ '3.1.0' ],
17 silly audit   fastq: [ '1.20.1' ],
17 silly audit   'fd-slicer': [ '1.1.0' ],
17 silly audit   fdir: [ '6.5.0' ],
17 silly audit   fecha: [ '4.2.3' ],
17 silly audit   'fetch-blob': [ '3.2.0' ],
17 silly audit   figures: [ '6.1.0' ],
17 silly audit   'file-uri-to-path': [ '1.0.0' ],
17 silly audit   'fill-range': [ '7.1.1' ],
17 silly audit   'filter-obj': [ '6.1.0' ],
17 silly audit   'find-up': [ '7.0.0' ],
17 silly audit   'find-up-simple': [ '1.0.1' ],
17 silly audit   flattie: [ '1.1.1' ],
17 silly audit   'fn.name': [ '1.1.0' ],
17 silly audit   fontace: [ '0.4.1' ],
17 silly audit   fontkitten: [ '1.0.3' ],
17 silly audit   'for-each': [ '0.3.5' ],
17 silly audit   'foreground-child': [ '3.3.1' ],
17 silly audit   'formdata-polyfill': [ '4.0.10' ],
17 silly audit   'framer-motion': [ '12.35.1' ],
17 silly audit   fsevents: [ '2.3.3' ],
17 silly audit   'function-bind': [ '1.1.2' ],
17 silly audit   'function.prototype.name': [ '1.1.8' ],
17 silly audit   'functions-have-names': [ '1.2.3' ],
17 silly audit   'generator-function': [ '2.0.1' ],
17 silly audit   gensync: [ '1.0.0-beta.2' ],
17 silly audit   'get-amd-module-type': [ '6.0.1' ],
17 silly audit   'get-caller-file': [ '2.0.5' ],
17 silly audit   'get-east-asian-width': [ '1.5.0' ],
17 silly audit   'get-intrinsic': [ '1.3.0' ],
17 silly audit   'get-port': [ '7.1.0' ],
17 silly audit   'get-port-please': [ '3.2.0' ],
17 silly audit   'get-proto': [ '1.0.1' ],
17 silly audit   'get-symbol-description': [ '1.1.0' ],
17 silly audit   'github-slugger': [ '2.0.0' ],
17 silly audit   glob: [ '10.5.0' ],
17 silly audit   'glob-parent': [ '5.1.2' ],
17 silly audit   globalthis: [ '1.0.4' ],
17 silly audit   'gonzales-pe': [ '4.3.0' ],
17 silly audit   gopd: [ '1.2.0' ],
17 silly audit   'graceful-fs': [ '4.2.11' ],
17 silly audit   h3: [ '1.15.6' ],
17 silly audit   'has-bigints': [ '1.1.0' ],
17 silly audit   'has-flag': [ '4.0.0' ],
17 silly audit   'has-property-descriptors': [ '1.0.2' ],
17 silly audit   'has-proto': [ '1.2.0' ],
17 silly audit   'has-symbols': [ '1.1.0' ],
17 silly audit   'has-tostringtag': [ '1.0.2' ],
17 silly audit   hasown: [ '2.0.2' ],
17 silly audit   'hast-util-from-html': [ '2.0.3' ],
17 silly audit   'hast-util-from-parse5': [ '8.0.3' ],
17 silly audit   'hast-util-is-element': [ '3.0.0' ],
17 silly audit   'hast-util-parse-selector': [ '4.0.0' ],
17 silly audit   'hast-util-raw': [ '9.1.0' ],
17 silly audit   'hast-util-to-html': [ '9.0.5' ],
17 silly audit   'hast-util-to-parse5': [ '8.0.1' ],
17 silly audit   'hast-util-to-text': [ '4.0.2' ],
17 silly audit   'hast-util-whitespace': [ '3.0.0' ],
17 silly audit   hastscript: [ '9.0.1' ],
17 silly audit   'hosted-git-info': [ '7.0.2' ],
17 silly audit   'html-escaper': [ '3.0.3' ],
17 silly audit   'html-void-elements': [ '3.0.0' ],
17 silly audit   htmlparser2: [ '10.1.0' ],
17 silly audit   'http-cache-semantics': [ '4.2.0' ],
17 silly audit   'http-shutdown': [ '1.2.2' ],
17 silly audit   'https-proxy-agent': [ '7.0.6' ],
17 silly audit   'human-signals': [ '5.0.0' ],
17 silly audit   'iconv-lite': [ '0.6.3' ],
17 silly audit   ieee754: [ '1.2.1' ],
17 silly audit   'image-meta': [ '0.2.2' ],
17 silly audit   'image-size': [ '2.0.2' ],
17 silly audit   'import-in-the-middle': [ '1.15.0' ],
17 silly audit   'import-meta-resolve': [ '4.2.0' ],
17 silly audit   imurmurhash: [ '0.1.4' ],
17 silly audit   'indent-string': [ '5.0.0' ],
17 silly audit   'index-to-position': [ '1.2.0' ],
17 silly audit   inherits: [ '2.0.4' ],
17 silly audit   'internal-slot': [ '1.1.0' ],
17 silly audit   ipx: [ '3.1.1' ],
17 silly audit   'iron-webcrypto': [ '1.2.1' ],
17 silly audit   'is-array-buffer': [ '3.0.5' ],
17 silly audit   'is-async-function': [ '2.1.1' ],
17 silly audit   'is-bigint': [ '1.1.0' ],
17 silly audit   'is-boolean-object': [ '1.2.2' ],
17 silly audit   'is-callable': [ '1.2.7' ],
17 silly audit   'is-core-module': [ '2.16.1' ],
17 silly audit   'is-data-view': [ '1.0.2' ],
17 silly audit   'is-date-object': [ '1.1.0' ],
17 silly audit   'is-docker': [ '3.0.0' ],
17 silly audit   'is-extglob': [ '2.1.1' ],
17 silly audit   'is-finalizationregistry': [ '1.1.1' ],
17 silly audit   'is-fullwidth-code-point': [ '3.0.0' ],
17 silly audit   'is-generator-function': [ '1.1.2' ],
17 silly audit   'is-glob': [ '4.0.3' ],
17 silly audit   'is-inside-container': [ '1.0.0' ],
17 silly audit   'is-map': [ '2.0.3' ],
17 silly audit   'is-negative-zero': [ '2.0.3' ],
17 silly audit   'is-network-error': [ '1.3.1' ],
17 silly audit   'is-number': [ '7.0.0' ],
17 silly audit   'is-number-object': [ '1.1.1' ],
17 silly audit   'is-path-inside': [ '4.0.0' ],
17 silly audit   'is-plain-obj': [ '4.1.0', '2.1.0' ],
17 silly audit   'is-regex': [ '1.2.1' ],
17 silly audit   'is-set': [ '2.0.3' ],
17 silly audit   'is-shared-array-buffer': [ '1.0.4' ],
17 silly audit   'is-string': [ '1.1.1' ],
17 silly audit   'is-symbol': [ '1.1.1' ],
17 silly audit   'is-typed-array': [ '1.1.15' ],
17 silly audit   'is-unicode-supported': [ '2.1.0' ],
17 silly audit   'is-url': [ '1.2.4' ],
17 silly audit   'is-url-superb': [ '4.0.0' ],
17 silly audit   'is-weakmap': [ '2.0.2' ],
17 silly audit   'is-weakref': [ '1.1.1' ],
17 silly audit   'is-weakset': [ '2.0.4' ],
17 silly audit   'is-wsl': [ '3.1.1' ],
17 silly audit   is64bit: [ '2.0.0' ],
17 silly audit   isarray: [ '2.0.5', '1.0.0' ],
17 silly audit   isexe: [ '2.0.0' ],
17 silly audit   jackspeak: [ '3.4.3' ],
17 silly audit   jiti: [ '2.6.1' ],
17 silly audit   'jpeg-js': [ '0.4.4' ],
17 silly audit   'js-image-generator': [ '1.0.4' ],
17 silly audit   'js-tokens': [ '4.0.0' ],
17 silly audit   'js-yaml': [ '4.1.1' ],
17 silly audit   jsesc: [ '3.1.0' ],
17 silly audit   json5: [ '2.2.3' ],
17 silly audit   jsonpointer: [ '5.0.1' ],
17 silly audit   jsonwebtoken: [ '9.0.3' ],
17 silly audit   junk: [ '4.0.1' ],
17 silly audit   jwa: [ '2.0.1' ],
17 silly audit   jws: [ '4.0.1' ],
17 silly audit   'jwt-decode': [ '4.0.0' ],
17 silly audit   kleur: [ '3.0.3' ],
17 silly audit   kuler: [ '2.0.0' ],
17 silly audit   'lambda-local': [ '2.2.0' ],
17 silly audit   lazystream: [ '1.0.1' ],
17 silly audit   'readable-stream': [ '2.3.8', '4.7.0', '3.6.2' ],
17 silly audit   'safe-buffer': [ '5.1.2', '5.2.1' ],
17 silly audit   string_decoder: [ '1.1.1', '1.3.0' ],
17 silly audit   leven: [ '3.1.0' ],
17 silly audit   listhen: [ '1.9.0' ],
17 silly audit   pathe: [ '1.1.2', '2.0.3' ],
17 silly audit   'locate-path': [ '7.2.0' ],
17 silly audit   lodash: [ '4.17.23' ],
17 silly audit   'lodash.includes': [ '4.3.0' ],
17 silly audit   'lodash.isboolean': [ '3.0.3' ],
17 silly audit   'lodash.isinteger': [ '4.0.4' ],
17 silly audit   'lodash.isnumber': [ '3.0.3' ],
17 silly audit   'lodash.isplainobject': [ '4.0.6' ],
17 silly audit   'lodash.isstring': [ '4.0.1' ],
17 silly audit   'lodash.once': [ '4.1.1' ],
17 silly audit   logform: [ '2.7.0' ],
17 silly audit   'longest-streak': [ '3.1.0' ],
17 silly audit   luxon: [ '3.7.2' ],
17 silly audit   'magic-string': [ '0.30.21' ],
17 silly audit   magicast: [ '0.5.2' ],
17 silly audit   'map-obj': [ '5.0.2' ],
17 silly audit   'markdown-table': [ '3.0.4' ],
17 silly audit   'math-intrinsics': [ '1.1.0' ],
17 silly audit   'mdast-util-definitions': [ '6.0.0' ],
17 silly audit   'mdast-util-find-and-replace': [ '3.0.2' ],
17 silly audit   'mdast-util-from-markdown': [ '2.0.3' ],
17 silly audit   'mdast-util-gfm': [ '3.1.0' ],
17 silly audit   'mdast-util-gfm-autolink-literal': [ '2.0.1' ],
17 silly audit   'mdast-util-gfm-footnote': [ '2.1.0' ],
17 silly audit   'mdast-util-gfm-strikethrough': [ '2.0.0' ],
17 silly audit   'mdast-util-gfm-table': [ '2.0.0' ],
17 silly audit   'mdast-util-gfm-task-list-item': [ '2.0.0' ],
17 silly audit   'mdast-util-phrasing': [ '4.1.0' ],
17 silly audit   'mdast-util-to-hast': [ '13.2.1' ],
17 silly audit   'mdast-util-to-markdown': [ '2.1.2' ],
17 silly audit   'mdast-util-to-string': [ '4.0.0' ],
17 silly audit   'merge-options': [ '3.0.4' ],
17 silly audit   'merge-stream': [ '2.0.0' ],
17 silly audit   merge2: [ '1.4.1' ],
17 silly audit   micromark: [ '4.0.2' ],
17 silly audit   'micromark-core-commonmark': [ '2.0.3' ],
17 silly audit   'micromark-extension-gfm': [ '3.0.0' ],
17 silly audit   'micromark-extension-gfm-autolink-literal': [ '2.1.0' ],
17 silly audit   'micromark-extension-gfm-footnote': [ '2.1.0' ],
17 silly audit   'micromark-extension-gfm-strikethrough': [ '2.1.0' ],
17 silly audit   'micromark-extension-gfm-table': [ '2.1.1' ],
17 silly audit   'micromark-extension-gfm-tagfilter': [ '2.0.0' ],
17 silly audit   'micromark-extension-gfm-task-list-item': [ '2.1.0' ],
17 silly audit   'micromark-factory-destination': [ '2.0.1' ],
17 silly audit   'micromark-factory-label': [ '2.0.1' ],
17 silly audit   'micromark-factory-space': [ '2.0.1' ],
17 silly audit   'micromark-factory-title': [ '2.0.1' ],
17 silly audit   'micromark-factory-whitespace': [ '2.0.1' ],
17 silly audit   'micromark-util-character': [ '2.1.1' ],
17 silly audit   'micromark-util-chunked': [ '2.0.1' ],
17 silly audit   'micromark-util-classify-character': [ '2.0.1' ],
17 silly audit   'micromark-util-combine-extensions': [ '2.0.1' ],
17 silly audit   'micromark-util-decode-numeric-character-reference': [ '2.0.2' ],
17 silly audit   'micromark-util-decode-string': [ '2.0.1' ],
17 silly audit   'micromark-util-encode': [ '2.0.1' ],
17 silly audit   'micromark-util-html-tag-name': [ '2.0.1' ],
17 silly audit   'micromark-util-normalize-identifier': [ '2.0.1' ],
17 silly audit   'micromark-util-resolve-all': [ '2.0.1' ],
17 silly audit   'micromark-util-sanitize-uri': [ '2.0.1' ],
17 silly audit   'micromark-util-subtokenize': [ '2.1.0' ],
17 silly audit   'micromark-util-symbol': [ '2.0.1' ],
17 silly audit   'micromark-util-types': [ '2.0.2' ],
17 silly audit   micromatch: [ '4.0.8' ],
17 silly audit   'mime-db': [ '1.54.0' ],
17 silly audit   'mime-types': [ '3.0.2' ],
17 silly audit   'mimic-fn': [ '4.0.0' ],
17 silly audit   minimist: [ '1.2.8' ],
17 silly audit   minipass: [ '7.1.3' ],
17 silly audit   minizlib: [ '3.1.0' ],
17 silly audit   mlly: [ '1.8.1' ],
17 silly audit   'module-definition': [ '6.0.1' ],
17 silly audit   'module-details-from-path': [ '1.0.4' ],
17 silly audit   'motion-dom': [ '12.35.1' ],
17 silly audit   'motion-utils': [ '12.29.2' ],
17 silly audit   mrmime: [ '2.0.1' ],
17 silly audit   ms: [ '2.1.3' ],
17 silly audit   nanoid: [ '3.3.11' ],
17 silly audit   neotraverse: [ '0.6.18' ],
17 silly audit   'netlify-redirector': [ '0.5.0' ],
17 silly audit   'nlcst-to-string': [ '4.0.0' ],
17 silly audit   'node-addon-api': [ '7.1.1' ],
17 silly audit   'node-domexception': [ '1.0.0' ],
17 silly audit   'node-exports-info': [ '1.6.0' ],
17 silly audit   'node-fetch-native': [ '1.6.7' ],
17 silly audit   'node-forge': [ '1.3.3' ],
17 silly audit   'node-gyp-build': [ '4.8.4' ],
17 silly audit   'node-mock-http': [ '1.0.4' ],
17 silly audit   'node-releases': [ '2.0.36' ],
17 silly audit   'node-source-walk': [ '7.0.1' ],
17 silly audit   'node-stream-zip': [ '1.15.0' ],
17 silly audit   nopt: [ '8.1.0' ],
17 silly audit   'normalize-package-data': [ '6.0.2' ],
17 silly audit   'normalize-path': [ '3.0.0', '2.1.1' ],
17 silly audit   'npm-run-path': [ '5.3.0' ],
17 silly audit   'nth-check': [ '2.1.1' ],
17 silly audit   'object-inspect': [ '1.13.4' ],
17 silly audit   'object-keys': [ '1.1.1' ],
17 silly audit   'object.assign': [ '4.1.7' ],
17 silly audit   'object.entries': [ '1.1.9' ],
17 silly audit   ofetch: [ '1.5.1' ],
17 silly audit   ohash: [ '2.0.11' ],
17 silly audit   'omit.js': [ '2.0.2' ],
17 silly audit   once: [ '1.4.0' ],
17 silly audit   'one-time': [ '1.0.0' ],
17 silly audit   onetime: [ '6.0.0' ],
17 silly audit   'oniguruma-parser': [ '0.12.1' ],
17 silly audit   'oniguruma-to-es': [ '4.3.4' ],
17 silly audit   'own-keys': [ '1.0.1' ],
17 silly audit   'p-event': [ '6.0.1' ],
17 silly audit   'p-limit': [ '6.2.0', '4.0.0' ],
17 silly audit   'p-locate': [ '6.0.0' ],
17 silly audit   'p-map': [ '7.0.4' ],
17 silly audit   'p-queue': [ '8.1.1' ],
17 silly audit   'p-retry': [ '6.2.1' ],
17 silly audit   'p-timeout': [ '6.1.4' ],
17 silly audit   'p-wait-for': [ '5.0.2' ],
17 silly audit   'package-json-from-dist': [ '1.0.1' ],
17 silly audit   'package-manager-detector': [ '1.6.0' ],
17 silly audit   'parse-gitignore': [ '2.0.0' ],
17 silly audit   'parse-imports': [ '2.2.1' ],
17 silly audit   'parse-json': [ '8.3.0' ],
17 silly audit   'parse-latin': [ '7.0.0' ],
17 silly audit   parse5: [ '7.3.0' ],
17 silly audit   'parse5-htmlparser2-tree-adapter': [ '7.1.0' ],
17 silly audit   'parse5-parser-stream': [ '7.1.2' ],
17 silly audit   'path-exists': [ '5.0.0' ],
17 silly audit   'path-parse': [ '1.0.7' ],
17 silly audit   'path-scurry': [ '1.11.1' ],
17 silly audit   'path-type': [ '6.0.0' ],
17 silly audit   pend: [ '1.2.0' ],
17 silly audit   'pg-gateway': [ '0.3.0-beta.4' ],
17 silly audit   piccolore: [ '0.1.3' ],
17 silly audit   picocolors: [ '1.1.1' ],
17 silly audit   picoquery: [ '2.5.0' ],
17 silly audit   'pkg-types': [ '1.3.1' ],
17 silly audit   'possible-typed-array-names': [ '1.1.0' ],
17 silly audit   postcss: [ '8.5.8' ],
17 silly audit   'postcss-values-parser': [ '6.0.2' ],
17 silly audit   precinct: [ '12.2.0' ],
17 silly audit   prismjs: [ '1.30.0' ],
17 silly audit   process: [ '0.11.10' ],
17 silly audit   'process-nextick-args': [ '2.0.1' ],
17 silly audit   prompts: [ '2.4.2' ],
17 silly audit   'property-information': [ '7.1.0' ],
17 silly audit   pump: [ '3.0.4' ],
17 silly audit   punycode: [ '2.3.1' ],
17 silly audit   'queue-microtask': [ '1.2.3' ],
17 silly audit   'quote-unquote': [ '1.0.0' ],
17 silly audit   radix3: [ '1.1.2' ],
17 silly audit   react: [ '19.2.4' ],
17 silly audit   'react-dom': [ '19.2.4' ],
17 silly audit   'react-refresh': [ '0.17.0' ],
17 silly audit   'read-package-up': [ '11.0.0' ],
17 silly audit   'read-pkg': [ '9.0.1' ],
17 silly audit   'readdir-glob': [ '1.1.3' ],
17 silly audit   'reflect.getprototypeof': [ '1.0.10' ],
17 silly audit   regex: [ '6.1.0' ],
17 silly audit   'regex-recursion': [ '6.0.2' ],
17 silly audit   'regex-utilities': [ '2.3.0' ],
17 silly audit   'regexp.prototype.flags': [ '1.5.4' ],
17 silly audit   rehype: [ '13.0.2' ],
17 silly audit   'rehype-parse': [ '9.0.1' ],
17 silly audit   'rehype-raw': [ '7.0.0' ],
17 silly audit   'rehype-stringify': [ '10.0.1' ],
17 silly audit   'remark-gfm': [ '4.0.1' ],
17 silly audit   'remark-parse': [ '11.0.0' ],
17 silly audit   'remark-rehype': [ '11.1.2' ],
17 silly audit   'remark-smartypants': [ '3.0.2' ],
17 silly audit   'remark-stringify': [ '11.0.0' ],
17 silly audit   'remove-trailing-separator': [ '1.1.0' ],
17 silly audit   'require-directory': [ '2.1.1' ],
17 silly audit   'require-from-string': [ '2.0.2' ],
17 silly audit   'require-in-the-middle': [ '7.5.2' ],
17 silly audit   resolve: [ '1.22.11', '2.0.0-next.6' ],
17 silly audit   'require-package-name': [ '2.0.1' ],
17 silly audit   'resolve-from': [ '5.0.0' ],
17 silly audit   retext: [ '9.0.0' ],
17 silly audit   'retext-latin': [ '4.0.0' ],
17 silly audit   'retext-smartypants': [ '6.2.0' ],
17 silly audit   'retext-stringify': [ '4.0.0' ],
17 silly audit   retry: [ '0.13.1' ],
17 silly audit   reusify: [ '1.1.0' ],
17 silly audit   rollup: [ '4.59.0' ],
17 silly audit   'run-parallel': [ '1.2.0' ],
17 silly audit   'safe-array-concat': [ '1.1.3' ],
17 silly audit   'safe-push-apply': [ '1.0.0' ],
17 silly audit   'safe-regex-test': [ '1.1.0' ],
17 silly audit   'safe-stable-stringify': [ '2.5.0' ],
17 silly audit   'safer-buffer': [ '2.1.2' ],
17 silly audit   sax: [ '1.5.0' ],
17 silly audit   scheduler: [ '0.27.0' ],
17 silly audit   'set-function-length': [ '1.2.2' ],
17 silly audit   'set-function-name': [ '2.0.2' ],
17 silly audit   'set-proto': [ '1.0.0' ],
17 silly audit   sharp: [ '0.34.5' ],
17 silly audit   'shebang-command': [ '2.0.0' ],
17 silly audit   'shebang-regex': [ '3.0.0' ],
17 silly audit   shiki: [ '3.23.0' ],
17 silly audit   'side-channel': [ '1.1.0' ],
17 silly audit   'side-channel-list': [ '1.0.0' ],
17 silly audit   'side-channel-map': [ '1.0.1' ],
17 silly audit   'side-channel-weakmap': [ '1.0.2' ],
17 silly audit   'signal-exit': [ '4.1.0' ],
17 silly audit   sisteransi: [ '1.0.5' ],
17 silly audit   sitemap: [ '8.0.3' ],
17 silly audit   slashes: [ '3.0.12' ],
17 silly audit   'smol-toml': [ '1.6.0' ],
17 silly audit   'source-map': [ '0.6.1' ],
17 silly audit   'source-map-js': [ '1.2.1' ],
17 silly audit   'source-map-support': [ '0.5.21' ],
17 silly audit   'space-separated-tokens': [ '2.0.2' ],
17 silly audit   'spdx-correct': [ '3.2.0' ],
17 silly audit   'spdx-exceptions': [ '2.5.0' ],
17 silly audit   'spdx-expression-parse': [ '3.0.1' ],
17 silly audit   'spdx-license-ids': [ '3.0.23' ],
17 silly audit   'stack-trace': [ '0.0.10' ],
17 silly audit   'std-env': [ '3.10.0' ],
17 silly audit   'stop-iteration-iterator': [ '1.1.0' ],
17 silly audit   'stream-replace-string': [ '2.0.0' ],
17 silly audit   streamx: [ '2.23.0' ],
17 silly audit   'string.prototype.trim': [ '1.2.10' ],
17 silly audit   'string.prototype.trimend': [ '1.0.9' ],
17 silly audit   'string.prototype.trimstart': [ '1.0.8' ],
17 silly audit   'stringify-entities': [ '4.0.4' ],
17 silly audit   'strip-final-newline': [ '3.0.0' ],
17 silly audit   'supports-color': [ '7.2.0' ],
17 silly audit   'supports-preserve-symlinks-flag': [ '1.0.0' ],
17 silly audit   svgo: [ '4.0.1' ],
17 silly audit   'system-architecture': [ '0.1.0' ],
17 silly audit   tar: [ '7.5.11' ],
17 silly audit   'tar-stream': [ '3.1.8' ],
17 silly audit   teex: [ '1.0.1' ],
17 silly audit   'text-decoder': [ '1.2.7' ],
17 silly audit   'text-hex': [ '1.0.0' ],
17 silly audit   'tiny-inflate': [ '1.0.3' ],
17 silly audit   tinyexec: [ '1.0.2' ],
17 silly audit   tinyglobby: [ '0.2.15' ],
17 silly audit   tmp: [ '0.2.5' ],
17 silly audit   'tmp-promise': [ '3.0.3' ],
17 silly audit   'to-regex-range': [ '5.0.1' ],
17 silly audit   toml: [ '3.0.0' ],
17 silly audit   'tomlify-j0.4': [ '3.0.0' ],
17 silly audit   tr46: [ '0.0.3' ],
17 silly audit   'trim-lines': [ '3.0.1' ],
17 silly audit   'triple-beam': [ '1.4.1' ],
17 silly audit   trough: [ '2.2.0' ],
17 silly audit   'ts-api-utils': [ '2.4.0' ],
17 silly audit   tsconfck: [ '3.1.6' ],
17 silly audit   tslib: [ '2.8.1' ],
17 silly audit   'type-fest': [ '4.41.0' ],
17 silly audit   'typed-array-buffer': [ '1.0.3' ],
17 silly audit   'typed-array-byte-length': [ '1.0.3' ],
17 silly audit   'typed-array-byte-offset': [ '1.0.4' ],
17 silly audit   'typed-array-length': [ '1.0.7' ],
17 silly audit   typescript: [ '5.9.3' ],
17 silly audit   ufo: [ '1.6.3' ],
17 silly audit   ulid: [ '3.0.2' ],
17 silly audit   ultrahtml: [ '1.6.0' ],
17 silly audit   'unbox-primitive': [ '1.1.0' ],
17 silly audit   uncrypto: [ '0.1.3' ],
17 silly audit   undici: [ '7.24.7' ],
17 silly audit   'undici-types': [ '7.18.2' ],
17 silly audit   'unicorn-magic': [ '0.1.0' ],
17 silly audit   unified: [ '11.0.5' ],
17 silly audit   unifont: [ '0.7.4' ],
17 silly audit   'unist-util-find-after': [ '5.0.0' ],
17 silly audit   'unist-util-is': [ '6.0.1' ],
17 silly audit   'unist-util-modify-children': [ '4.0.0' ],
17 silly audit   'unist-util-position': [ '5.0.0' ],
17 silly audit   'unist-util-remove-position': [ '5.0.0' ],
17 silly audit   'unist-util-stringify-position': [ '4.0.0' ],
17 silly audit   'unist-util-visit': [ '5.1.0' ],
17 silly audit   'unist-util-visit-children': [ '3.0.0' ],
17 silly audit   'unist-util-visit-parents': [ '6.0.2' ],
17 silly audit   unixify: [ '1.0.0' ],
17 silly audit   unstorage: [ '1.17.4' ],
17 silly audit   untun: [ '0.1.3' ],
17 silly audit   'update-browserslist-db': [ '1.2.3' ],
17 silly audit   uqr: [ '0.1.2' ],
17 silly audit   'uri-js': [ '4.4.1' ],
17 silly audit   'util-deprecate': [ '1.0.2' ],
17 silly audit   'validate-npm-package-license': [ '3.0.4' ],
17 silly audit   'validate-npm-package-name': [ '5.0.1' ],
17 silly audit   vfile: [ '6.0.3' ],
17 silly audit   'vfile-location': [ '5.0.3' ],
17 silly audit   'vfile-message': [ '4.0.3' ],
17 silly audit   vite: [ '6.4.1' ],
17 silly audit   vitefu: [ '1.1.2' ],
17 silly audit   'web-namespaces': [ '2.0.1' ],
17 silly audit   'web-streams-polyfill': [ '3.3.3' ],
17 silly audit   'webidl-conversions': [ '3.0.1' ],
17 silly audit   'whatwg-encoding': [ '3.1.1' ],
17 silly audit   'whatwg-mimetype': [ '4.0.0' ],
17 silly audit   'whatwg-url': [ '5.0.0' ],
17 silly audit   which: [ '2.0.2' ],
17 silly audit   'which-boxed-primitive': [ '1.1.1' ],
17 silly audit   'which-builtin-type': [ '1.2.1' ],
17 silly audit   'which-collection': [ '1.0.2' ],
17 silly audit   'which-pm-runs': [ '1.1.0' ],
17 silly audit   'which-typed-array': [ '1.1.20' ],
17 silly audit   'widest-line': [ '5.0.0' ],
17 silly audit   winston: [ '3.19.0' ],
17 silly audit   'winston-transport': [ '4.9.0' ],
17 silly audit   wrappy: [ '1.0.2' ],
17 silly audit   'write-file-atomic': [ '5.0.1' ],
17 silly audit   xss: [ '1.0.15' ],
17 silly audit   'xxhash-wasm': [ '1.1.0' ],
17 silly audit   y18n: [ '5.0.8' ],
17 silly audit   yaml: [ '2.8.2' ],
17 silly audit   yargs: [ '17.7.2' ],
17 silly audit   'yargs-parser': [ '21.1.1' ],
17 silly audit   yauzl: [ '2.10.0' ],
17 silly audit   'yocto-queue': [ '1.2.2' ],
17 silly audit   'yocto-spinner': [ '0.2.3' ],
17 silly audit   yoctocolors: [ '2.1.2' ],
17 silly audit   'zip-stream': [ '6.0.1' ],
17 silly audit   'zod-to-json-schema': [ '3.25.1' ],
17 silly audit   'zod-to-ts': [ '1.2.0' ],
17 silly audit   zwitch: [ '2.0.4' ],
17 silly audit   '@parcel/watcher-wasm': [ '2.5.6' ],
17 silly audit   'napi-wasm': [ '1.1.0' ]
17 silly audit }
18 http cache zod-to-ts@https://registry.npmjs.org/zod-to-ts/-/zod-to-ts-1.2.0.tgz 0ms (cache hit)
19 http cache zwitch@https://registry.npmjs.org/zwitch/-/zwitch-2.0.4.tgz 0ms (cache hit)
20 http cache zod-to-json-schema@https://registry.npmjs.org/zod-to-json-schema/-/zod-to-json-schema-3.25.1.tgz 0ms (cache hit)
21 http cache zod@https://registry.npmjs.org/zod/-/zod-3.25.76.tgz 0ms (cache hit)
22 http cache zip-stream@https://registry.npmjs.org/zip-stream/-/zip-stream-6.0.1.tgz 0ms (cache hit)
23 http cache yoctocolors@https://registry.npmjs.org/yoctocolors/-/yoctocolors-2.1.2.tgz 0ms (cache hit)
24 http cache yocto-spinner@https://registry.npmjs.org/yocto-spinner/-/yocto-spinner-0.2.3.tgz 0ms (cache hit)
25 http cache yocto-queue@https://registry.npmjs.org/yocto-queue/-/yocto-queue-1.2.2.tgz 0ms (cache hit)
26 http cache yauzl@https://registry.npmjs.org/yauzl/-/yauzl-2.10.0.tgz 0ms (cache hit)
27 http cache yargs-parser@https://registry.npmjs.org/yargs-parser/-/yargs-parser-21.1.1.tgz 0ms (cache hit)
28 http cache yargs@https://registry.npmjs.org/yargs/-/yargs-17.7.2.tgz 0ms (cache hit)
29 http cache yaml@https://registry.npmjs.org/yaml/-/yaml-2.8.2.tgz 0ms (cache hit)
30 http cache yallist@https://registry.npmjs.org/yallist/-/yallist-5.0.0.tgz 0ms (cache hit)
31 http cache y18n@https://registry.npmjs.org/y18n/-/y18n-5.0.8.tgz 0ms (cache hit)
32 http cache xxhash-wasm@https://registry.npmjs.org/xxhash-wasm/-/xxhash-wasm-1.1.0.tgz 0ms (cache hit)
33 http cache write-file-atomic@https://registry.npmjs.org/write-file-atomic/-/write-file-atomic-5.0.1.tgz 0ms (cache hit)
34 http cache xss@https://registry.npmjs.org/xss/-/xss-1.0.15.tgz 0ms (cache hit)
35 http cache wrappy@https://registry.npmjs.org/wrappy/-/wrappy-1.0.2.tgz 0ms (cache hit)
36 http cache wrap-ansi-cjs@https://registry.npmjs.org/wrap-ansi/-/wrap-ansi-7.0.0.tgz 0ms (cache hit)
37 http cache wrap-ansi@https://registry.npmjs.org/wrap-ansi/-/wrap-ansi-9.0.2.tgz 0ms (cache hit)
38 http cache winston-transport@https://registry.npmjs.org/winston-transport/-/winston-transport-4.9.0.tgz 0ms (cache hit)
39 http cache winston@https://registry.npmjs.org/winston/-/winston-3.19.0.tgz 0ms (cache hit)
40 http cache widest-line@https://registry.npmjs.org/widest-line/-/widest-line-5.0.0.tgz 0ms (cache hit)
41 http cache which-typed-array@https://registry.npmjs.org/which-typed-array/-/which-typed-array-1.1.20.tgz 0ms (cache hit)
42 http cache which-collection@https://registry.npmjs.org/which-collection/-/which-collection-1.0.2.tgz 0ms (cache hit)
43 http cache which-builtin-type@https://registry.npmjs.org/which-builtin-type/-/which-builtin-type-1.2.1.tgz 0ms (cache hit)
44 http cache which-boxed-primitive@https://registry.npmjs.org/which-boxed-primitive/-/which-boxed-primitive-1.1.1.tgz 0ms (cache hit)
45 http cache which@https://registry.npmjs.org/which/-/which-2.0.2.tgz 0ms (cache hit)
46 http cache which-pm-runs@https://registry.npmjs.org/which-pm-runs/-/which-pm-runs-1.1.0.tgz 0ms (cache hit)
47 http cache whatwg-url@https://registry.npmjs.org/whatwg-url/-/whatwg-url-5.0.0.tgz 0ms (cache hit)
48 http cache whatwg-mimetype@https://registry.npmjs.org/whatwg-mimetype/-/whatwg-mimetype-4.0.0.tgz 0ms (cache hit)
49 http cache whatwg-encoding@https://registry.npmjs.org/whatwg-encoding/-/whatwg-encoding-3.1.1.tgz 0ms (cache hit)
50 http cache webidl-conversions@https://registry.npmjs.org/webidl-conversions/-/webidl-conversions-3.0.1.tgz 0ms (cache hit)
51 http cache web-streams-polyfill@https://registry.npmjs.org/web-streams-polyfill/-/web-streams-polyfill-3.3.3.tgz 0ms (cache hit)
52 http cache web-namespaces@https://registry.npmjs.org/web-namespaces/-/web-namespaces-2.0.1.tgz 0ms (cache hit)
53 http cache vitefu@https://registry.npmjs.org/vitefu/-/vitefu-1.1.2.tgz 0ms (cache hit)
54 http cache vite@https://registry.npmjs.org/vite/-/vite-6.4.1.tgz 0ms (cache hit)
55 http cache vfile-message@https://registry.npmjs.org/vfile-message/-/vfile-message-4.0.3.tgz 0ms (cache hit)
56 http cache vfile-location@https://registry.npmjs.org/vfile-location/-/vfile-location-5.0.3.tgz 0ms (cache hit)
57 http cache vfile@https://registry.npmjs.org/vfile/-/vfile-6.0.3.tgz 0ms (cache hit)
58 http cache validate-npm-package-name@https://registry.npmjs.org/validate-npm-package-name/-/validate-npm-package-name-5.0.1.tgz 0ms (cache hit)
59 http cache uuid@https://registry.npmjs.org/uuid/-/uuid-13.0.0.tgz 0ms (cache hit)
60 http cache validate-npm-package-license@https://registry.npmjs.org/validate-npm-package-license/-/validate-npm-package-license-3.0.4.tgz 0ms (cache hit)
61 http cache util-deprecate@https://registry.npmjs.org/util-deprecate/-/util-deprecate-1.0.2.tgz 0ms (cache hit)
62 http cache urlpattern-polyfill@https://registry.npmjs.org/urlpattern-polyfill/-/urlpattern-polyfill-8.0.2.tgz 0ms (cache hit)
63 http cache uqr@https://registry.npmjs.org/uqr/-/uqr-0.1.2.tgz 0ms (cache hit)
64 http cache uri-js@https://registry.npmjs.org/uri-js/-/uri-js-4.4.1.tgz 0ms (cache hit)
65 http cache untun@https://registry.npmjs.org/untun/-/untun-0.1.3.tgz 0ms (cache hit)
66 http cache unstorage@https://registry.npmjs.org/unstorage/-/unstorage-1.17.4.tgz 0ms (cache hit)
67 http cache unixify@https://registry.npmjs.org/unixify/-/unixify-1.0.0.tgz 0ms (cache hit)
68 http cache unist-util-visit-parents@https://registry.npmjs.org/unist-util-visit-parents/-/unist-util-visit-parents-6.0.2.tgz 0ms (cache hit)
69 http cache update-browserslist-db@https://registry.npmjs.org/update-browserslist-db/-/update-browserslist-db-1.2.3.tgz 0ms (cache hit)
70 http cache unist-util-visit-children@https://registry.npmjs.org/unist-util-visit-children/-/unist-util-visit-children-3.0.0.tgz 0ms (cache hit)
71 http cache unist-util-visit@https://registry.npmjs.org/unist-util-visit/-/unist-util-visit-5.1.0.tgz 0ms (cache hit)
72 http cache unist-util-stringify-position@https://registry.npmjs.org/unist-util-stringify-position/-/unist-util-stringify-position-4.0.0.tgz 0ms (cache hit)
73 http cache unist-util-remove-position@https://registry.npmjs.org/unist-util-remove-position/-/unist-util-remove-position-5.0.0.tgz 0ms (cache hit)
74 http cache unist-util-position@https://registry.npmjs.org/unist-util-position/-/unist-util-position-5.0.0.tgz 0ms (cache hit)
75 http cache unist-util-modify-children@https://registry.npmjs.org/unist-util-modify-children/-/unist-util-modify-children-4.0.0.tgz 0ms (cache hit)
76 http cache unist-util-find-after@https://registry.npmjs.org/unist-util-find-after/-/unist-util-find-after-5.0.0.tgz 0ms (cache hit)
77 http cache unist-util-is@https://registry.npmjs.org/unist-util-is/-/unist-util-is-6.0.1.tgz 0ms (cache hit)
78 http cache unifont@https://registry.npmjs.org/unifont/-/unifont-0.7.4.tgz 0ms (cache hit)
79 http cache unified@https://registry.npmjs.org/unified/-/unified-11.0.5.tgz 0ms (cache hit)
80 http cache unicorn-magic@https://registry.npmjs.org/unicorn-magic/-/unicorn-magic-0.1.0.tgz 0ms (cache hit)
81 http cache undici-types@https://registry.npmjs.org/undici-types/-/undici-types-7.18.2.tgz 0ms (cache hit)
82 http cache undici@https://registry.npmjs.org/undici/-/undici-7.24.7.tgz 0ms (cache hit)
83 http cache uncrypto@https://registry.npmjs.org/uncrypto/-/uncrypto-0.1.3.tgz 0ms (cache hit)
84 http cache ultrahtml@https://registry.npmjs.org/ultrahtml/-/ultrahtml-1.6.0.tgz 0ms (cache hit)
85 http cache unbox-primitive@https://registry.npmjs.org/unbox-primitive/-/unbox-primitive-1.1.0.tgz 0ms (cache hit)
86 http cache ulid@https://registry.npmjs.org/ulid/-/ulid-3.0.2.tgz 0ms (cache hit)
87 http cache ufo@https://registry.npmjs.org/ufo/-/ufo-1.6.3.tgz 0ms (cache hit)
88 http cache typescript@https://registry.npmjs.org/typescript/-/typescript-5.9.3.tgz 0ms (cache hit)
89 http cache typed-array-length@https://registry.npmjs.org/typed-array-length/-/typed-array-length-1.0.7.tgz 0ms (cache hit)
90 http cache typed-array-byte-offset@https://registry.npmjs.org/typed-array-byte-offset/-/typed-array-byte-offset-1.0.4.tgz 0ms (cache hit)
91 http cache typed-array-byte-length@https://registry.npmjs.org/typed-array-byte-length/-/typed-array-byte-length-1.0.3.tgz 0ms (cache hit)
92 http cache typed-array-buffer@https://registry.npmjs.org/typed-array-buffer/-/typed-array-buffer-1.0.3.tgz 0ms (cache hit)
93 http cache type-fest@https://registry.npmjs.org/type-fest/-/type-fest-4.41.0.tgz 0ms (cache hit)
94 http cache tslib@https://registry.npmjs.org/tslib/-/tslib-2.8.1.tgz 0ms (cache hit)
95 http cache tsconfck@https://registry.npmjs.org/tsconfck/-/tsconfck-3.1.6.tgz 0ms (cache hit)
96 http cache ts-api-utils@https://registry.npmjs.org/ts-api-utils/-/ts-api-utils-2.4.0.tgz 0ms (cache hit)
97 http cache trough@https://registry.npmjs.org/trough/-/trough-2.2.0.tgz 0ms (cache hit)
98 http cache triple-beam@https://registry.npmjs.org/triple-beam/-/triple-beam-1.4.1.tgz 0ms (cache hit)
99 http cache tr46@https://registry.npmjs.org/tr46/-/tr46-0.0.3.tgz 0ms (cache hit)
100 http cache trim-lines@https://registry.npmjs.org/trim-lines/-/trim-lines-3.0.1.tgz 0ms (cache hit)
101 http cache tomlify-j0.4@https://registry.npmjs.org/tomlify-j0.4/-/tomlify-j0.4-3.0.0.tgz 0ms (cache hit)
102 http cache to-regex-range@https://registry.npmjs.org/to-regex-range/-/to-regex-range-5.0.1.tgz 0ms (cache hit)
103 http cache toml@https://registry.npmjs.org/toml/-/toml-3.0.0.tgz 0ms (cache hit)
104 http cache tmp-promise@https://registry.npmjs.org/tmp-promise/-/tmp-promise-3.0.3.tgz 0ms (cache hit)
105 http cache tmp@https://registry.npmjs.org/tmp/-/tmp-0.2.5.tgz 0ms (cache hit)
106 http cache tinyglobby@https://registry.npmjs.org/tinyglobby/-/tinyglobby-0.2.15.tgz 0ms (cache hit)
107 http cache tinyexec@https://registry.npmjs.org/tinyexec/-/tinyexec-1.0.2.tgz 0ms (cache hit)
108 http cache tiny-inflate@https://registry.npmjs.org/tiny-inflate/-/tiny-inflate-1.0.3.tgz 0ms (cache hit)
109 http cache text-hex@https://registry.npmjs.org/text-hex/-/text-hex-1.0.0.tgz 0ms (cache hit)
110 http cache text-decoder@https://registry.npmjs.org/text-decoder/-/text-decoder-1.2.7.tgz 0ms (cache hit)
111 http cache teex@https://registry.npmjs.org/teex/-/teex-1.0.1.tgz 0ms (cache hit)
112 http cache tar-stream@https://registry.npmjs.org/tar-stream/-/tar-stream-3.1.8.tgz 0ms (cache hit)
113 http cache tar@https://registry.npmjs.org/tar/-/tar-7.5.11.tgz 0ms (cache hit)
114 http cache system-architecture@https://registry.npmjs.org/system-architecture/-/system-architecture-0.1.0.tgz 0ms (cache hit)
115 http cache svgo@https://registry.npmjs.org/svgo/-/svgo-4.0.1.tgz 0ms (cache hit)
116 http cache supports-preserve-symlinks-flag@https://registry.npmjs.org/supports-preserve-symlinks-flag/-/supports-preserve-symlinks-flag-1.0.0.tgz 0ms (cache hit)
117 http cache supports-color@https://registry.npmjs.org/supports-color/-/supports-color-7.2.0.tgz 0ms (cache hit)
118 http cache strip-final-newline@https://registry.npmjs.org/strip-final-newline/-/strip-final-newline-3.0.0.tgz 0ms (cache hit)
119 http cache strip-ansi-cjs@https://registry.npmjs.org/strip-ansi/-/strip-ansi-6.0.1.tgz 0ms (cache hit)
120 http cache strip-ansi@https://registry.npmjs.org/strip-ansi/-/strip-ansi-7.2.0.tgz 0ms (cache hit)
121 http cache stringify-entities@https://registry.npmjs.org/stringify-entities/-/stringify-entities-4.0.4.tgz 0ms (cache hit)
122 http cache string.prototype.trimstart@https://registry.npmjs.org/string.prototype.trimstart/-/string.prototype.trimstart-1.0.8.tgz 0ms (cache hit)
123 http cache string.prototype.trimend@https://registry.npmjs.org/string.prototype.trimend/-/string.prototype.trimend-1.0.9.tgz 0ms (cache hit)
124 http cache string-width-cjs@https://registry.npmjs.org/string-width/-/string-width-4.2.3.tgz 0ms (cache hit)
125 http cache string.prototype.trim@https://registry.npmjs.org/string.prototype.trim/-/string.prototype.trim-1.2.10.tgz 0ms (cache hit)
126 http cache string-width@https://registry.npmjs.org/string-width/-/string-width-7.2.0.tgz 0ms (cache hit)
127 http cache streamx@https://registry.npmjs.org/streamx/-/streamx-2.23.0.tgz 0ms (cache hit)
128 http cache string_decoder@https://registry.npmjs.org/string_decoder/-/string_decoder-1.3.0.tgz 0ms (cache hit)
129 http cache stream-replace-string@https://registry.npmjs.org/stream-replace-string/-/stream-replace-string-2.0.0.tgz 0ms (cache hit)
130 http cache stop-iteration-iterator@https://registry.npmjs.org/stop-iteration-iterator/-/stop-iteration-iterator-1.1.0.tgz 0ms (cache hit)
131 http cache std-env@https://registry.npmjs.org/std-env/-/std-env-3.10.0.tgz 0ms (cache hit)
132 http cache stack-trace@https://registry.npmjs.org/stack-trace/-/stack-trace-0.0.10.tgz 0ms (cache hit)
133 http cache spdx-license-ids@https://registry.npmjs.org/spdx-license-ids/-/spdx-license-ids-3.0.23.tgz 0ms (cache hit)
134 http cache spdx-expression-parse@https://registry.npmjs.org/spdx-expression-parse/-/spdx-expression-parse-3.0.1.tgz 0ms (cache hit)
135 http cache spdx-exceptions@https://registry.npmjs.org/spdx-exceptions/-/spdx-exceptions-2.5.0.tgz 0ms (cache hit)
136 http cache spdx-correct@https://registry.npmjs.org/spdx-correct/-/spdx-correct-3.2.0.tgz 0ms (cache hit)
137 http cache space-separated-tokens@https://registry.npmjs.org/space-separated-tokens/-/space-separated-tokens-2.0.2.tgz 0ms (cache hit)
138 http cache source-map-support@https://registry.npmjs.org/source-map-support/-/source-map-support-0.5.21.tgz 0ms (cache hit)
139 http cache source-map-js@https://registry.npmjs.org/source-map-js/-/source-map-js-1.2.1.tgz 0ms (cache hit)
140 http cache source-map@https://registry.npmjs.org/source-map/-/source-map-0.6.1.tgz 0ms (cache hit)
141 http cache smol-toml@https://registry.npmjs.org/smol-toml/-/smol-toml-1.6.0.tgz 0ms (cache hit)
142 http cache slashes@https://registry.npmjs.org/slashes/-/slashes-3.0.12.tgz 0ms (cache hit)
143 http cache sitemap@https://registry.npmjs.org/sitemap/-/sitemap-8.0.3.tgz 0ms (cache hit)
144 http cache sisteransi@https://registry.npmjs.org/sisteransi/-/sisteransi-1.0.5.tgz 0ms (cache hit)
145 http cache signal-exit@https://registry.npmjs.org/signal-exit/-/signal-exit-4.1.0.tgz 0ms (cache hit)
146 http cache side-channel-weakmap@https://registry.npmjs.org/side-channel-weakmap/-/side-channel-weakmap-1.0.2.tgz 0ms (cache hit)
147 http cache side-channel-map@https://registry.npmjs.org/side-channel-map/-/side-channel-map-1.0.1.tgz 0ms (cache hit)
148 http cache side-channel-list@https://registry.npmjs.org/side-channel-list/-/side-channel-list-1.0.0.tgz 0ms (cache hit)
149 http cache side-channel@https://registry.npmjs.org/side-channel/-/side-channel-1.1.0.tgz 0ms (cache hit)
150 http cache shiki@https://registry.npmjs.org/shiki/-/shiki-3.23.0.tgz 0ms (cache hit)
151 http cache shebang-command@https://registry.npmjs.org/shebang-command/-/shebang-command-2.0.0.tgz 0ms (cache hit)
152 http cache shebang-regex@https://registry.npmjs.org/shebang-regex/-/shebang-regex-3.0.0.tgz 0ms (cache hit)
153 http cache set-proto@https://registry.npmjs.org/set-proto/-/set-proto-1.0.0.tgz 0ms (cache hit)
154 http cache sharp@https://registry.npmjs.org/sharp/-/sharp-0.34.5.tgz 0ms (cache hit)
155 http cache set-function-name@https://registry.npmjs.org/set-function-name/-/set-function-name-2.0.2.tgz 0ms (cache hit)
156 http cache set-function-length@https://registry.npmjs.org/set-function-length/-/set-function-length-1.2.2.tgz 0ms (cache hit)
157 http cache semver@https://registry.npmjs.org/semver/-/semver-7.7.4.tgz 0ms (cache hit)
158 http cache scheduler@https://registry.npmjs.org/scheduler/-/scheduler-0.27.0.tgz 0ms (cache hit)
159 http cache sax@https://registry.npmjs.org/sax/-/sax-1.5.0.tgz 0ms (cache hit)
160 http cache safer-buffer@https://registry.npmjs.org/safer-buffer/-/safer-buffer-2.1.2.tgz 0ms (cache hit)
161 http cache safe-stable-stringify@https://registry.npmjs.org/safe-stable-stringify/-/safe-stable-stringify-2.5.0.tgz 0ms (cache hit)
162 http cache safe-regex-test@https://registry.npmjs.org/safe-regex-test/-/safe-regex-test-1.1.0.tgz 0ms (cache hit)
163 http cache safe-buffer@https://registry.npmjs.org/safe-buffer/-/safe-buffer-5.2.1.tgz 0ms (cache hit)
164 http cache safe-push-apply@https://registry.npmjs.org/safe-push-apply/-/safe-push-apply-1.0.0.tgz 0ms (cache hit)
165 http cache safe-array-concat@https://registry.npmjs.org/safe-array-concat/-/safe-array-concat-1.1.3.tgz 0ms (cache hit)
166 http cache rollup@https://registry.npmjs.org/rollup/-/rollup-4.59.0.tgz 0ms (cache hit)
167 http cache run-parallel@https://registry.npmjs.org/run-parallel/-/run-parallel-1.2.0.tgz 0ms (cache hit)
168 http cache reusify@https://registry.npmjs.org/reusify/-/reusify-1.1.0.tgz 0ms (cache hit)
169 http cache retry@https://registry.npmjs.org/retry/-/retry-0.13.1.tgz 0ms (cache hit)
170 http cache retext-stringify@https://registry.npmjs.org/retext-stringify/-/retext-stringify-4.0.0.tgz 0ms (cache hit)
171 http cache retext-smartypants@https://registry.npmjs.org/retext-smartypants/-/retext-smartypants-6.2.0.tgz 0ms (cache hit)
172 http cache retext-latin@https://registry.npmjs.org/retext-latin/-/retext-latin-4.0.0.tgz 0ms (cache hit)
173 http cache retext@https://registry.npmjs.org/retext/-/retext-9.0.0.tgz 0ms (cache hit)
174 http cache resolve-from@https://registry.npmjs.org/resolve-from/-/resolve-from-5.0.0.tgz 0ms (cache hit)
175 http cache resolve@https://registry.npmjs.org/resolve/-/resolve-2.0.0-next.6.tgz 0ms (cache hit)
176 http cache require-package-name@https://registry.npmjs.org/require-package-name/-/require-package-name-2.0.1.tgz 0ms (cache hit)
177 http cache require-in-the-middle@https://registry.npmjs.org/require-in-the-middle/-/require-in-the-middle-7.5.2.tgz 0ms (cache hit)
178 http cache require-from-string@https://registry.npmjs.org/require-from-string/-/require-from-string-2.0.2.tgz 0ms (cache hit)
179 http cache require-directory@https://registry.npmjs.org/require-directory/-/require-directory-2.1.1.tgz 0ms (cache hit)
180 http cache remove-trailing-separator@https://registry.npmjs.org/remove-trailing-separator/-/remove-trailing-separator-1.1.0.tgz 0ms (cache hit)
181 http cache remark-stringify@https://registry.npmjs.org/remark-stringify/-/remark-stringify-11.0.0.tgz 0ms (cache hit)
182 http cache remark-smartypants@https://registry.npmjs.org/remark-smartypants/-/remark-smartypants-3.0.2.tgz 0ms (cache hit)
183 http cache remark-rehype@https://registry.npmjs.org/remark-rehype/-/remark-rehype-11.1.2.tgz 0ms (cache hit)
184 http cache remark-parse@https://registry.npmjs.org/remark-parse/-/remark-parse-11.0.0.tgz 0ms (cache hit)
185 http cache remark-gfm@https://registry.npmjs.org/remark-gfm/-/remark-gfm-4.0.1.tgz 0ms (cache hit)
186 http cache rehype-stringify@https://registry.npmjs.org/rehype-stringify/-/rehype-stringify-10.0.1.tgz 0ms (cache hit)
187 http cache rehype-raw@https://registry.npmjs.org/rehype-raw/-/rehype-raw-7.0.0.tgz 0ms (cache hit)
188 http cache rehype-parse@https://registry.npmjs.org/rehype-parse/-/rehype-parse-9.0.1.tgz 0ms (cache hit)
189 http cache rehype@https://registry.npmjs.org/rehype/-/rehype-13.0.2.tgz 0ms (cache hit)
190 http cache regexp.prototype.flags@https://registry.npmjs.org/regexp.prototype.flags/-/regexp.prototype.flags-1.5.4.tgz 0ms (cache hit)
191 http cache regex-recursion@https://registry.npmjs.org/regex-recursion/-/regex-recursion-6.0.2.tgz 0ms (cache hit)
192 http cache regex@https://registry.npmjs.org/regex/-/regex-6.1.0.tgz 0ms (cache hit)
193 http cache reflect.getprototypeof@https://registry.npmjs.org/reflect.getprototypeof/-/reflect.getprototypeof-1.0.10.tgz 0ms (cache hit)
194 http cache regex-utilities@https://registry.npmjs.org/regex-utilities/-/regex-utilities-2.3.0.tgz 0ms (cache hit)
195 http cache readdirp@https://registry.npmjs.org/readdirp/-/readdirp-5.0.0.tgz 0ms (cache hit)
196 http cache readdir-glob@https://registry.npmjs.org/readdir-glob/-/readdir-glob-1.1.3.tgz 0ms (cache hit)
197 http cache readable-stream@https://registry.npmjs.org/readable-stream/-/readable-stream-4.7.0.tgz 0ms (cache hit)
198 http cache read-pkg@https://registry.npmjs.org/read-pkg/-/read-pkg-9.0.1.tgz 0ms (cache hit)
199 http cache read-package-up@https://registry.npmjs.org/read-package-up/-/read-package-up-11.0.0.tgz 0ms (cache hit)
200 http cache react-refresh@https://registry.npmjs.org/react-refresh/-/react-refresh-0.17.0.tgz 0ms (cache hit)
201 http cache react-dom@https://registry.npmjs.org/react-dom/-/react-dom-19.2.4.tgz 0ms (cache hit)
202 http cache react@https://registry.npmjs.org/react/-/react-19.2.4.tgz 0ms (cache hit)
203 http cache radix3@https://registry.npmjs.org/radix3/-/radix3-1.1.2.tgz 0ms (cache hit)
204 http cache quote-unquote@https://registry.npmjs.org/quote-unquote/-/quote-unquote-1.0.0.tgz 0ms (cache hit)
205 http cache punycode@https://registry.npmjs.org/punycode/-/punycode-2.3.1.tgz 0ms (cache hit)
206 http cache queue-microtask@https://registry.npmjs.org/queue-microtask/-/queue-microtask-1.2.3.tgz 0ms (cache hit)
207 http cache pump@https://registry.npmjs.org/pump/-/pump-3.0.4.tgz 0ms (cache hit)
208 http cache property-information@https://registry.npmjs.org/property-information/-/property-information-7.1.0.tgz 0ms (cache hit)
209 http cache prompts@https://registry.npmjs.org/prompts/-/prompts-2.4.2.tgz 0ms (cache hit)
210 http cache process-nextick-args@https://registry.npmjs.org/process-nextick-args/-/process-nextick-args-2.0.1.tgz 0ms (cache hit)
211 http cache process@https://registry.npmjs.org/process/-/process-0.11.10.tgz 0ms (cache hit)
212 http cache prismjs@https://registry.npmjs.org/prismjs/-/prismjs-1.30.0.tgz 0ms (cache hit)
213 http cache precinct@https://registry.npmjs.org/precinct/-/precinct-12.2.0.tgz 0ms (cache hit)
214 http cache postcss@https://registry.npmjs.org/postcss/-/postcss-8.5.8.tgz 0ms (cache hit)
215 http cache postcss-values-parser@https://registry.npmjs.org/postcss-values-parser/-/postcss-values-parser-6.0.2.tgz 0ms (cache hit)
216 http cache possible-typed-array-names@https://registry.npmjs.org/possible-typed-array-names/-/possible-typed-array-names-1.1.0.tgz 0ms (cache hit)
217 http cache picoquery@https://registry.npmjs.org/picoquery/-/picoquery-2.5.0.tgz 0ms (cache hit)
218 http cache pkg-types@https://registry.npmjs.org/pkg-types/-/pkg-types-1.3.1.tgz 0ms (cache hit)
219 http cache picomatch@https://registry.npmjs.org/picomatch/-/picomatch-4.0.3.tgz 0ms (cache hit)
220 http cache piccolore@https://registry.npmjs.org/piccolore/-/piccolore-0.1.3.tgz 0ms (cache hit)
221 http cache picocolors@https://registry.npmjs.org/picocolors/-/picocolors-1.1.1.tgz 0ms (cache hit)
222 http cache pg-gateway@https://registry.npmjs.org/pg-gateway/-/pg-gateway-0.3.0-beta.4.tgz 0ms (cache hit)
223 http cache pathe@https://registry.npmjs.org/pathe/-/pathe-2.0.3.tgz 0ms (cache hit)
224 http cache pend@https://registry.npmjs.org/pend/-/pend-1.2.0.tgz 0ms (cache hit)
225 http cache path-type@https://registry.npmjs.org/path-type/-/path-type-6.0.0.tgz 0ms (cache hit)
226 http cache path-scurry@https://registry.npmjs.org/path-scurry/-/path-scurry-1.11.1.tgz 0ms (cache hit)
227 http cache path-parse@https://registry.npmjs.org/path-parse/-/path-parse-1.0.7.tgz 0ms (cache hit)
228 http cache path-key@https://registry.npmjs.org/path-key/-/path-key-3.1.1.tgz 0ms (cache hit)
229 http cache path-exists@https://registry.npmjs.org/path-exists/-/path-exists-5.0.0.tgz 0ms (cache hit)
230 http cache parse5-parser-stream@https://registry.npmjs.org/parse5-parser-stream/-/parse5-parser-stream-7.1.2.tgz 0ms (cache hit)
231 http cache parse5-htmlparser2-tree-adapter@https://registry.npmjs.org/parse5-htmlparser2-tree-adapter/-/parse5-htmlparser2-tree-adapter-7.1.0.tgz 0ms (cache hit)
232 http cache parse-latin@https://registry.npmjs.org/parse-latin/-/parse-latin-7.0.0.tgz 0ms (cache hit)
233 http cache parse-json@https://registry.npmjs.org/parse-json/-/parse-json-8.3.0.tgz 0ms (cache hit)
234 http cache parse-imports@https://registry.npmjs.org/parse-imports/-/parse-imports-2.2.1.tgz 0ms (cache hit)
235 http cache parse5@https://registry.npmjs.org/parse5/-/parse5-7.3.0.tgz 0ms (cache hit)
236 http cache parse-gitignore@https://registry.npmjs.org/parse-gitignore/-/parse-gitignore-2.0.0.tgz 0ms (cache hit)
237 http cache package-manager-detector@https://registry.npmjs.org/package-manager-detector/-/package-manager-detector-1.6.0.tgz 0ms (cache hit)
238 http cache p-wait-for@https://registry.npmjs.org/p-wait-for/-/p-wait-for-5.0.2.tgz 0ms (cache hit)
239 http cache package-json-from-dist@https://registry.npmjs.org/package-json-from-dist/-/package-json-from-dist-1.0.1.tgz 0ms (cache hit)
240 http cache p-timeout@https://registry.npmjs.org/p-timeout/-/p-timeout-6.1.4.tgz 0ms (cache hit)
241 http cache p-retry@https://registry.npmjs.org/p-retry/-/p-retry-6.2.1.tgz 0ms (cache hit)
242 http cache p-queue@https://registry.npmjs.org/p-queue/-/p-queue-8.1.1.tgz 0ms (cache hit)
243 http cache p-map@https://registry.npmjs.org/p-map/-/p-map-7.0.4.tgz 0ms (cache hit)
244 http cache p-locate@https://registry.npmjs.org/p-locate/-/p-locate-6.0.0.tgz 0ms (cache hit)
245 http cache p-limit@https://registry.npmjs.org/p-limit/-/p-limit-6.2.0.tgz 0ms (cache hit)
246 http cache p-event@https://registry.npmjs.org/p-event/-/p-event-6.0.1.tgz 0ms (cache hit)
247 http cache own-keys@https://registry.npmjs.org/own-keys/-/own-keys-1.0.1.tgz 0ms (cache hit)
248 http cache oniguruma-to-es@https://registry.npmjs.org/oniguruma-to-es/-/oniguruma-to-es-4.3.4.tgz 0ms (cache hit)
249 http cache oniguruma-parser@https://registry.npmjs.org/oniguruma-parser/-/oniguruma-parser-0.12.1.tgz 0ms (cache hit)
250 http cache one-time@https://registry.npmjs.org/one-time/-/one-time-1.0.0.tgz 0ms (cache hit)
251 http cache onetime@https://registry.npmjs.org/onetime/-/onetime-6.0.0.tgz 0ms (cache hit)
252 http cache once@https://registry.npmjs.org/once/-/once-1.4.0.tgz 0ms (cache hit)
253 http cache omit.js@https://registry.npmjs.org/omit.js/-/omit.js-2.0.2.tgz 0ms (cache hit)
254 http cache ohash@https://registry.npmjs.org/ohash/-/ohash-2.0.11.tgz 0ms (cache hit)
255 http cache ofetch@https://registry.npmjs.org/ofetch/-/ofetch-1.5.1.tgz 0ms (cache hit)
256 http cache object.entries@https://registry.npmjs.org/object.entries/-/object.entries-1.1.9.tgz 0ms (cache hit)
257 http cache object.assign@https://registry.npmjs.org/object.assign/-/object.assign-4.1.7.tgz 0ms (cache hit)
258 http cache object-keys@https://registry.npmjs.org/object-keys/-/object-keys-1.1.1.tgz 0ms (cache hit)
259 http cache object-inspect@https://registry.npmjs.org/object-inspect/-/object-inspect-1.13.4.tgz 0ms (cache hit)
260 http cache nth-check@https://registry.npmjs.org/nth-check/-/nth-check-2.1.1.tgz 0ms (cache hit)
261 http cache npm-run-path@https://registry.npmjs.org/npm-run-path/-/npm-run-path-5.3.0.tgz 0ms (cache hit)
262 http cache normalize-path@https://registry.npmjs.org/normalize-path/-/normalize-path-3.0.0.tgz 0ms (cache hit)
263 http cache normalize-package-data@https://registry.npmjs.org/normalize-package-data/-/normalize-package-data-6.0.2.tgz 0ms (cache hit)
264 http cache nopt@https://registry.npmjs.org/nopt/-/nopt-8.1.0.tgz 0ms (cache hit)
265 http cache node-stream-zip@https://registry.npmjs.org/node-stream-zip/-/node-stream-zip-1.15.0.tgz 0ms (cache hit)
266 http cache node-source-walk@https://registry.npmjs.org/node-source-walk/-/node-source-walk-7.0.1.tgz 0ms (cache hit)
267 http cache node-releases@https://registry.npmjs.org/node-releases/-/node-releases-2.0.36.tgz 0ms (cache hit)
268 http cache node-gyp-build@https://registry.npmjs.org/node-gyp-build/-/node-gyp-build-4.8.4.tgz 0ms (cache hit)
269 http cache node-forge@https://registry.npmjs.org/node-forge/-/node-forge-1.3.3.tgz 0ms (cache hit)
270 http cache node-fetch@https://registry.npmjs.org/node-fetch/-/node-fetch-2.7.0.tgz 0ms (cache hit)
271 http cache node-fetch-native@https://registry.npmjs.org/node-fetch-native/-/node-fetch-native-1.6.7.tgz 0ms (cache hit)
272 http cache node-mock-http@https://registry.npmjs.org/node-mock-http/-/node-mock-http-1.0.4.tgz 0ms (cache hit)
273 http cache node-exports-info@https://registry.npmjs.org/node-exports-info/-/node-exports-info-1.6.0.tgz 0ms (cache hit)
274 http cache node-domexception@https://registry.npmjs.org/node-domexception/-/node-domexception-1.0.0.tgz 0ms (cache hit)
275 http cache node-addon-api@https://registry.npmjs.org/node-addon-api/-/node-addon-api-7.1.1.tgz 0ms (cache hit)
276 http cache netlify-redirector@https://registry.npmjs.org/netlify-redirector/-/netlify-redirector-0.5.0.tgz 0ms (cache hit)
277 http cache nlcst-to-string@https://registry.npmjs.org/nlcst-to-string/-/nlcst-to-string-4.0.0.tgz 0ms (cache hit)
278 http cache neotraverse@https://registry.npmjs.org/neotraverse/-/neotraverse-0.6.18.tgz 0ms (cache hit)
279 http cache nanoid@https://registry.npmjs.org/nanoid/-/nanoid-3.3.11.tgz 0ms (cache hit)
280 http cache ms@https://registry.npmjs.org/ms/-/ms-2.1.3.tgz 0ms (cache hit)
281 http cache mrmime@https://registry.npmjs.org/mrmime/-/mrmime-2.0.1.tgz 0ms (cache hit)
282 http cache motion-utils@https://registry.npmjs.org/motion-utils/-/motion-utils-12.29.2.tgz 0ms (cache hit)
283 http cache motion-dom@https://registry.npmjs.org/motion-dom/-/motion-dom-12.35.1.tgz 0ms (cache hit)
284 http cache module-details-from-path@https://registry.npmjs.org/module-details-from-path/-/module-details-from-path-1.0.4.tgz 0ms (cache hit)
285 http cache mlly@https://registry.npmjs.org/mlly/-/mlly-1.8.1.tgz 0ms (cache hit)
286 http cache module-definition@https://registry.npmjs.org/module-definition/-/module-definition-6.0.1.tgz 0ms (cache hit)
287 http cache minizlib@https://registry.npmjs.org/minizlib/-/minizlib-3.1.0.tgz 0ms (cache hit)
288 http cache minipass@https://registry.npmjs.org/minipass/-/minipass-7.1.3.tgz 0ms (cache hit)
289 http cache minimist@https://registry.npmjs.org/minimist/-/minimist-1.2.8.tgz 0ms (cache hit)
290 http cache minimatch@https://registry.npmjs.org/minimatch/-/minimatch-9.0.9.tgz 0ms (cache hit)
291 http cache mimic-fn@https://registry.npmjs.org/mimic-fn/-/mimic-fn-4.0.0.tgz 0ms (cache hit)
292 http cache mime-db@https://registry.npmjs.org/mime-db/-/mime-db-1.54.0.tgz 0ms (cache hit)
293 http cache mime-types@https://registry.npmjs.org/mime-types/-/mime-types-3.0.2.tgz 0ms (cache hit)
294 http cache micromatch@https://registry.npmjs.org/micromatch/-/micromatch-4.0.8.tgz 0ms (cache hit)
295 http cache micromark-util-types@https://registry.npmjs.org/micromark-util-types/-/micromark-util-types-2.0.2.tgz 0ms (cache hit)
296 http cache micromark-util-subtokenize@https://registry.npmjs.org/micromark-util-subtokenize/-/micromark-util-subtokenize-2.1.0.tgz 0ms (cache hit)
297 http cache micromark-util-symbol@https://registry.npmjs.org/micromark-util-symbol/-/micromark-util-symbol-2.0.1.tgz 0ms (cache hit)
298 http cache micromark-util-sanitize-uri@https://registry.npmjs.org/micromark-util-sanitize-uri/-/micromark-util-sanitize-uri-2.0.1.tgz 0ms (cache hit)
299 http cache micromark-util-normalize-identifier@https://registry.npmjs.org/micromark-util-normalize-identifier/-/micromark-util-normalize-identifier-2.0.1.tgz 0ms (cache hit)
300 http cache micromark-util-html-tag-name@https://registry.npmjs.org/micromark-util-html-tag-name/-/micromark-util-html-tag-name-2.0.1.tgz 0ms (cache hit)
301 http cache micromark-util-encode@https://registry.npmjs.org/micromark-util-encode/-/micromark-util-encode-2.0.1.tgz 0ms (cache hit)
302 http cache micromark-util-decode-string@https://registry.npmjs.org/micromark-util-decode-string/-/micromark-util-decode-string-2.0.1.tgz 0ms (cache hit)
303 http cache micromark-util-resolve-all@https://registry.npmjs.org/micromark-util-resolve-all/-/micromark-util-resolve-all-2.0.1.tgz 0ms (cache hit)
304 http cache micromark-util-decode-numeric-character-reference@https://registry.npmjs.org/micromark-util-decode-numeric-character-reference/-/micromark-util-decode-numeric-character-reference-2.0.2.tgz 0ms (cache hit)
305 http cache micromark-util-combine-extensions@https://registry.npmjs.org/micromark-util-combine-extensions/-/micromark-util-combine-extensions-2.0.1.tgz 0ms (cache hit)
306 http cache micromark-util-chunked@https://registry.npmjs.org/micromark-util-chunked/-/micromark-util-chunked-2.0.1.tgz 0ms (cache hit)
307 http cache micromark-util-classify-character@https://registry.npmjs.org/micromark-util-classify-character/-/micromark-util-classify-character-2.0.1.tgz 0ms (cache hit)
308 http cache micromark-util-character@https://registry.npmjs.org/micromark-util-character/-/micromark-util-character-2.1.1.tgz 0ms (cache hit)
309 http cache micromark-factory-whitespace@https://registry.npmjs.org/micromark-factory-whitespace/-/micromark-factory-whitespace-2.0.1.tgz 0ms (cache hit)
310 http cache micromark-factory-title@https://registry.npmjs.org/micromark-factory-title/-/micromark-factory-title-2.0.1.tgz 0ms (cache hit)
311 http cache micromark-factory-space@https://registry.npmjs.org/micromark-factory-space/-/micromark-factory-space-2.0.1.tgz 0ms (cache hit)
312 http cache micromark-factory-label@https://registry.npmjs.org/micromark-factory-label/-/micromark-factory-label-2.0.1.tgz 0ms (cache hit)
313 http cache micromark-factory-destination@https://registry.npmjs.org/micromark-factory-destination/-/micromark-factory-destination-2.0.1.tgz 0ms (cache hit)
314 http cache micromark-extension-gfm-task-list-item@https://registry.npmjs.org/micromark-extension-gfm-task-list-item/-/micromark-extension-gfm-task-list-item-2.1.0.tgz 0ms (cache hit)
315 http cache micromark-extension-gfm-tagfilter@https://registry.npmjs.org/micromark-extension-gfm-tagfilter/-/micromark-extension-gfm-tagfilter-2.0.0.tgz 0ms (cache hit)
316 http cache micromark-extension-gfm-table@https://registry.npmjs.org/micromark-extension-gfm-table/-/micromark-extension-gfm-table-2.1.1.tgz 0ms (cache hit)
317 http cache micromark-extension-gfm-strikethrough@https://registry.npmjs.org/micromark-extension-gfm-strikethrough/-/micromark-extension-gfm-strikethrough-2.1.0.tgz 0ms (cache hit)
318 http cache micromark-extension-gfm-footnote@https://registry.npmjs.org/micromark-extension-gfm-footnote/-/micromark-extension-gfm-footnote-2.1.0.tgz 0ms (cache hit)
319 http cache micromark-extension-gfm-autolink-literal@https://registry.npmjs.org/micromark-extension-gfm-autolink-literal/-/micromark-extension-gfm-autolink-literal-2.1.0.tgz 0ms (cache hit)
320 http cache micromark-extension-gfm@https://registry.npmjs.org/micromark-extension-gfm/-/micromark-extension-gfm-3.0.0.tgz 0ms (cache hit)
321 http cache micromark-core-commonmark@https://registry.npmjs.org/micromark-core-commonmark/-/micromark-core-commonmark-2.0.3.tgz 0ms (cache hit)
322 http cache micromark@https://registry.npmjs.org/micromark/-/micromark-4.0.2.tgz 0ms (cache hit)
323 http cache merge-stream@https://registry.npmjs.org/merge-stream/-/merge-stream-2.0.0.tgz 0ms (cache hit)
324 http cache merge2@https://registry.npmjs.org/merge2/-/merge2-1.4.1.tgz 0ms (cache hit)
325 http cache merge-options@https://registry.npmjs.org/merge-options/-/merge-options-3.0.4.tgz 0ms (cache hit)
326 http cache mdn-data@https://registry.npmjs.org/mdn-data/-/mdn-data-2.27.1.tgz 0ms (cache hit)
327 http cache mdast-util-to-string@https://registry.npmjs.org/mdast-util-to-string/-/mdast-util-to-string-4.0.0.tgz 0ms (cache hit)
328 http cache mdast-util-to-markdown@https://registry.npmjs.org/mdast-util-to-markdown/-/mdast-util-to-markdown-2.1.2.tgz 0ms (cache hit)
329 http cache mdast-util-to-hast@https://registry.npmjs.org/mdast-util-to-hast/-/mdast-util-to-hast-13.2.1.tgz 0ms (cache hit)
330 http cache mdast-util-phrasing@https://registry.npmjs.org/mdast-util-phrasing/-/mdast-util-phrasing-4.1.0.tgz 0ms (cache hit)
331 http cache mdast-util-gfm-task-list-item@https://registry.npmjs.org/mdast-util-gfm-task-list-item/-/mdast-util-gfm-task-list-item-2.0.0.tgz 0ms (cache hit)
332 http cache mdast-util-gfm-table@https://registry.npmjs.org/mdast-util-gfm-table/-/mdast-util-gfm-table-2.0.0.tgz 0ms (cache hit)
333 http cache mdast-util-gfm-footnote@https://registry.npmjs.org/mdast-util-gfm-footnote/-/mdast-util-gfm-footnote-2.1.0.tgz 0ms (cache hit)
334 http cache mdast-util-gfm-autolink-literal@https://registry.npmjs.org/mdast-util-gfm-autolink-literal/-/mdast-util-gfm-autolink-literal-2.0.1.tgz 0ms (cache hit)
335 http cache mdast-util-gfm@https://registry.npmjs.org/mdast-util-gfm/-/mdast-util-gfm-3.1.0.tgz 0ms (cache hit)
336 http cache mdast-util-from-markdown@https://registry.npmjs.org/mdast-util-from-markdown/-/mdast-util-from-markdown-2.0.3.tgz 0ms (cache hit)
337 http cache mdast-util-gfm-strikethrough@https://registry.npmjs.org/mdast-util-gfm-strikethrough/-/mdast-util-gfm-strikethrough-2.0.0.tgz 0ms (cache hit)
338 http cache mdast-util-find-and-replace@https://registry.npmjs.org/mdast-util-find-and-replace/-/mdast-util-find-and-replace-3.0.2.tgz 0ms (cache hit)
339 http cache mdast-util-definitions@https://registry.npmjs.org/mdast-util-definitions/-/mdast-util-definitions-6.0.0.tgz 0ms (cache hit)
340 http cache math-intrinsics@https://registry.npmjs.org/math-intrinsics/-/math-intrinsics-1.1.0.tgz 0ms (cache hit)
341 http cache markdown-table@https://registry.npmjs.org/markdown-table/-/markdown-table-3.0.4.tgz 0ms (cache hit)
342 http cache map-obj@https://registry.npmjs.org/map-obj/-/map-obj-5.0.2.tgz 0ms (cache hit)
343 http cache magicast@https://registry.npmjs.org/magicast/-/magicast-0.5.2.tgz 0ms (cache hit)
344 http cache luxon@https://registry.npmjs.org/luxon/-/luxon-3.7.2.tgz 0ms (cache hit)
345 http cache lru-cache@https://registry.npmjs.org/lru-cache/-/lru-cache-11.2.6.tgz 0ms (cache hit)
346 http cache magic-string@https://registry.npmjs.org/magic-string/-/magic-string-0.30.21.tgz 0ms (cache hit)
347 http cache longest-streak@https://registry.npmjs.org/longest-streak/-/longest-streak-3.1.0.tgz 0ms (cache hit)
348 http cache logform@https://registry.npmjs.org/logform/-/logform-2.7.0.tgz 0ms (cache hit)
349 http cache lodash.isstring@https://registry.npmjs.org/lodash.isstring/-/lodash.isstring-4.0.1.tgz 0ms (cache hit)
350 http cache lodash.once@https://registry.npmjs.org/lodash.once/-/lodash.once-4.1.1.tgz 0ms (cache hit)
351 http cache lodash.isplainobject@https://registry.npmjs.org/lodash.isplainobject/-/lodash.isplainobject-4.0.6.tgz 0ms (cache hit)
352 http cache lodash.isnumber@https://registry.npmjs.org/lodash.isnumber/-/lodash.isnumber-3.0.3.tgz 0ms (cache hit)
353 http cache lodash.isinteger@https://registry.npmjs.org/lodash.isinteger/-/lodash.isinteger-4.0.4.tgz 0ms (cache hit)
354 http cache lodash.isboolean@https://registry.npmjs.org/lodash.isboolean/-/lodash.isboolean-3.0.3.tgz 0ms (cache hit)
355 http cache lodash.includes@https://registry.npmjs.org/lodash.includes/-/lodash.includes-4.3.0.tgz 0ms (cache hit)
356 http cache lodash@https://registry.npmjs.org/lodash/-/lodash-4.17.23.tgz 0ms (cache hit)
357 http cache locate-path@https://registry.npmjs.org/locate-path/-/locate-path-7.2.0.tgz 0ms (cache hit)
358 http cache listhen@https://registry.npmjs.org/listhen/-/listhen-1.9.0.tgz 0ms (cache hit)
359 http cache leven@https://registry.npmjs.org/leven/-/leven-3.1.0.tgz 0ms (cache hit)
360 http cache lazystream@https://registry.npmjs.org/lazystream/-/lazystream-1.0.1.tgz 0ms (cache hit)
361 http cache lambda-local@https://registry.npmjs.org/lambda-local/-/lambda-local-2.2.0.tgz 0ms (cache hit)
362 http cache kuler@https://registry.npmjs.org/kuler/-/kuler-2.0.0.tgz 0ms (cache hit)
363 http cache kleur@https://registry.npmjs.org/kleur/-/kleur-3.0.3.tgz 0ms (cache hit)
364 http cache jwt-decode@https://registry.npmjs.org/jwt-decode/-/jwt-decode-4.0.0.tgz 0ms (cache hit)
365 http cache jwa@https://registry.npmjs.org/jwa/-/jwa-2.0.1.tgz 0ms (cache hit)
366 http cache jws@https://registry.npmjs.org/jws/-/jws-4.0.1.tgz 0ms (cache hit)
367 http cache junk@https://registry.npmjs.org/junk/-/junk-4.0.1.tgz 0ms (cache hit)
368 http cache jsonwebtoken@https://registry.npmjs.org/jsonwebtoken/-/jsonwebtoken-9.0.3.tgz 0ms (cache hit)
369 http cache jsonpointer@https://registry.npmjs.org/jsonpointer/-/jsonpointer-5.0.1.tgz 0ms (cache hit)
370 http cache json5@https://registry.npmjs.org/json5/-/json5-2.2.3.tgz 0ms (cache hit)
371 http cache json-schema-traverse@https://registry.npmjs.org/json-schema-traverse/-/json-schema-traverse-0.4.1.tgz 0ms (cache hit)
372 http cache jsesc@https://registry.npmjs.org/jsesc/-/jsesc-3.1.0.tgz 0ms (cache hit)
373 http cache js-yaml@https://registry.npmjs.org/js-yaml/-/js-yaml-4.1.1.tgz 0ms (cache hit)
374 http cache js-tokens@https://registry.npmjs.org/js-tokens/-/js-tokens-4.0.0.tgz 0ms (cache hit)
375 http cache jpeg-js@https://registry.npmjs.org/jpeg-js/-/jpeg-js-0.4.4.tgz 0ms (cache hit)
376 http cache js-image-generator@https://registry.npmjs.org/js-image-generator/-/js-image-generator-1.0.4.tgz 0ms (cache hit)
377 http cache jiti@https://registry.npmjs.org/jiti/-/jiti-2.6.1.tgz 0ms (cache hit)
378 http cache jackspeak@https://registry.npmjs.org/jackspeak/-/jackspeak-3.4.3.tgz 0ms (cache hit)
379 http cache isexe@https://registry.npmjs.org/isexe/-/isexe-2.0.0.tgz 0ms (cache hit)
380 http cache isarray@https://registry.npmjs.org/isarray/-/isarray-2.0.5.tgz 0ms (cache hit)
381 http cache is64bit@https://registry.npmjs.org/is64bit/-/is64bit-2.0.0.tgz 0ms (cache hit)
382 http cache is-wsl@https://registry.npmjs.org/is-wsl/-/is-wsl-3.1.1.tgz 0ms (cache hit)
383 http cache is-weakmap@https://registry.npmjs.org/is-weakmap/-/is-weakmap-2.0.2.tgz 0ms (cache hit)
384 http cache is-weakref@https://registry.npmjs.org/is-weakref/-/is-weakref-1.1.1.tgz 0ms (cache hit)
385 http cache is-weakset@https://registry.npmjs.org/is-weakset/-/is-weakset-2.0.4.tgz 0ms (cache hit)
386 http cache is-url-superb@https://registry.npmjs.org/is-url-superb/-/is-url-superb-4.0.0.tgz 0ms (cache hit)
387 http cache is-unicode-supported@https://registry.npmjs.org/is-unicode-supported/-/is-unicode-supported-2.1.0.tgz 0ms (cache hit)
388 http cache is-typed-array@https://registry.npmjs.org/is-typed-array/-/is-typed-array-1.1.15.tgz 0ms (cache hit)
389 http cache is-symbol@https://registry.npmjs.org/is-symbol/-/is-symbol-1.1.1.tgz 0ms (cache hit)
390 http cache is-string@https://registry.npmjs.org/is-string/-/is-string-1.1.1.tgz 0ms (cache hit)
391 http cache is-url@https://registry.npmjs.org/is-url/-/is-url-1.2.4.tgz 0ms (cache hit)
392 http cache is-stream@https://registry.npmjs.org/is-stream/-/is-stream-4.0.1.tgz 0ms (cache hit)
393 http cache is-shared-array-buffer@https://registry.npmjs.org/is-shared-array-buffer/-/is-shared-array-buffer-1.0.4.tgz 0ms (cache hit)
394 http cache is-set@https://registry.npmjs.org/is-set/-/is-set-2.0.3.tgz 0ms (cache hit)
395 http cache is-regex@https://registry.npmjs.org/is-regex/-/is-regex-1.2.1.tgz 0ms (cache hit)
396 http cache is-plain-obj@https://registry.npmjs.org/is-plain-obj/-/is-plain-obj-4.1.0.tgz 0ms (cache hit)
397 http cache is-number-object@https://registry.npmjs.org/is-number-object/-/is-number-object-1.1.1.tgz 0ms (cache hit)
398 http cache is-path-inside@https://registry.npmjs.org/is-path-inside/-/is-path-inside-4.0.0.tgz 0ms (cache hit)
399 http cache is-number@https://registry.npmjs.org/is-number/-/is-number-7.0.0.tgz 0ms (cache hit)
400 http cache is-network-error@https://registry.npmjs.org/is-network-error/-/is-network-error-1.3.1.tgz 0ms (cache hit)
401 http cache is-negative-zero@https://registry.npmjs.org/is-negative-zero/-/is-negative-zero-2.0.3.tgz 0ms (cache hit)
402 http cache is-map@https://registry.npmjs.org/is-map/-/is-map-2.0.3.tgz 0ms (cache hit)
403 http cache is-inside-container@https://registry.npmjs.org/is-inside-container/-/is-inside-container-1.0.0.tgz 0ms (cache hit)
404 http cache is-glob@https://registry.npmjs.org/is-glob/-/is-glob-4.0.3.tgz 0ms (cache hit)
405 http cache is-generator-function@https://registry.npmjs.org/is-generator-function/-/is-generator-function-1.1.2.tgz 0ms (cache hit)
406 http cache is-fullwidth-code-point@https://registry.npmjs.org/is-fullwidth-code-point/-/is-fullwidth-code-point-3.0.0.tgz 0ms (cache hit)
407 http cache is-finalizationregistry@https://registry.npmjs.org/is-finalizationregistry/-/is-finalizationregistry-1.1.1.tgz 0ms (cache hit)
408 http cache is-extglob@https://registry.npmjs.org/is-extglob/-/is-extglob-2.1.1.tgz 0ms (cache hit)
409 http cache is-docker@https://registry.npmjs.org/is-docker/-/is-docker-3.0.0.tgz 0ms (cache hit)
410 http cache is-date-object@https://registry.npmjs.org/is-date-object/-/is-date-object-1.1.0.tgz 0ms (cache hit)
411 http cache is-data-view@https://registry.npmjs.org/is-data-view/-/is-data-view-1.0.2.tgz 0ms (cache hit)
412 http cache is-callable@https://registry.npmjs.org/is-callable/-/is-callable-1.2.7.tgz 0ms (cache hit)
413 http cache is-core-module@https://registry.npmjs.org/is-core-module/-/is-core-module-2.16.1.tgz 0ms (cache hit)
414 http cache is-boolean-object@https://registry.npmjs.org/is-boolean-object/-/is-boolean-object-1.2.2.tgz 0ms (cache hit)
415 http cache is-async-function@https://registry.npmjs.org/is-async-function/-/is-async-function-2.1.1.tgz 0ms (cache hit)
416 http cache is-bigint@https://registry.npmjs.org/is-bigint/-/is-bigint-1.1.0.tgz 0ms (cache hit)
417 http cache is-array-buffer@https://registry.npmjs.org/is-array-buffer/-/is-array-buffer-3.0.5.tgz 0ms (cache hit)
418 http cache iron-webcrypto@https://registry.npmjs.org/iron-webcrypto/-/iron-webcrypto-1.2.1.tgz 0ms (cache hit)
419 http cache ipx@https://registry.npmjs.org/ipx/-/ipx-3.1.1.tgz 0ms (cache hit)
420 http cache internal-slot@https://registry.npmjs.org/internal-slot/-/internal-slot-1.1.0.tgz 0ms (cache hit)
421 http cache inherits@https://registry.npmjs.org/inherits/-/inherits-2.0.4.tgz 0ms (cache hit)
422 http cache index-to-position@https://registry.npmjs.org/index-to-position/-/index-to-position-1.2.0.tgz 0ms (cache hit)
423 http cache indent-string@https://registry.npmjs.org/indent-string/-/indent-string-5.0.0.tgz 0ms (cache hit)
424 http cache import-meta-resolve@https://registry.npmjs.org/import-meta-resolve/-/import-meta-resolve-4.2.0.tgz 0ms (cache hit)
425 http cache import-in-the-middle@https://registry.npmjs.org/import-in-the-middle/-/import-in-the-middle-1.15.0.tgz 0ms (cache hit)
426 http cache image-size@https://registry.npmjs.org/image-size/-/image-size-2.0.2.tgz 0ms (cache hit)
427 http cache imurmurhash@https://registry.npmjs.org/imurmurhash/-/imurmurhash-0.1.4.tgz 0ms (cache hit)
428 http cache image-meta@https://registry.npmjs.org/image-meta/-/image-meta-0.2.2.tgz 0ms (cache hit)
429 http cache ieee754@https://registry.npmjs.org/ieee754/-/ieee754-1.2.1.tgz 0ms (cache hit)
430 http cache iconv-lite@https://registry.npmjs.org/iconv-lite/-/iconv-lite-0.6.3.tgz 0ms (cache hit)
431 http cache human-signals@https://registry.npmjs.org/human-signals/-/human-signals-5.0.0.tgz 0ms (cache hit)
432 http cache https-proxy-agent@https://registry.npmjs.org/https-proxy-agent/-/https-proxy-agent-7.0.6.tgz 0ms (cache hit)
433 http cache http-shutdown@https://registry.npmjs.org/http-shutdown/-/http-shutdown-1.2.2.tgz 0ms (cache hit)
434 http cache http-cache-semantics@https://registry.npmjs.org/http-cache-semantics/-/http-cache-semantics-4.2.0.tgz 0ms (cache hit)
435 http cache htmlparser2@https://registry.npmjs.org/htmlparser2/-/htmlparser2-10.1.0.tgz 0ms (cache hit)
436 http cache html-void-elements@https://registry.npmjs.org/html-void-elements/-/html-void-elements-3.0.0.tgz 0ms (cache hit)
437 http cache html-escaper@https://registry.npmjs.org/html-escaper/-/html-escaper-3.0.3.tgz 0ms (cache hit)
438 http cache hosted-git-info@https://registry.npmjs.org/hosted-git-info/-/hosted-git-info-7.0.2.tgz 0ms (cache hit)
439 http cache hastscript@https://registry.npmjs.org/hastscript/-/hastscript-9.0.1.tgz 0ms (cache hit)
440 http cache hast-util-whitespace@https://registry.npmjs.org/hast-util-whitespace/-/hast-util-whitespace-3.0.0.tgz 0ms (cache hit)
441 http cache hast-util-to-text@https://registry.npmjs.org/hast-util-to-text/-/hast-util-to-text-4.0.2.tgz 0ms (cache hit)
442 http cache hast-util-to-parse5@https://registry.npmjs.org/hast-util-to-parse5/-/hast-util-to-parse5-8.0.1.tgz 0ms (cache hit)
443 http cache hast-util-to-html@https://registry.npmjs.org/hast-util-to-html/-/hast-util-to-html-9.0.5.tgz 0ms (cache hit)
444 http cache hast-util-raw@https://registry.npmjs.org/hast-util-raw/-/hast-util-raw-9.1.0.tgz 0ms (cache hit)
445 http cache hast-util-parse-selector@https://registry.npmjs.org/hast-util-parse-selector/-/hast-util-parse-selector-4.0.0.tgz 0ms (cache hit)
446 http cache hast-util-is-element@https://registry.npmjs.org/hast-util-is-element/-/hast-util-is-element-3.0.0.tgz 0ms (cache hit)
447 http cache hast-util-from-parse5@https://registry.npmjs.org/hast-util-from-parse5/-/hast-util-from-parse5-8.0.3.tgz 0ms (cache hit)
448 http cache hast-util-from-html@https://registry.npmjs.org/hast-util-from-html/-/hast-util-from-html-2.0.3.tgz 0ms (cache hit)
449 http cache hasown@https://registry.npmjs.org/hasown/-/hasown-2.0.2.tgz 0ms (cache hit)
450 http cache has-symbols@https://registry.npmjs.org/has-symbols/-/has-symbols-1.1.0.tgz 0ms (cache hit)
451 http cache has-tostringtag@https://registry.npmjs.org/has-tostringtag/-/has-tostringtag-1.0.2.tgz 0ms (cache hit)
452 http cache has-proto@https://registry.npmjs.org/has-proto/-/has-proto-1.2.0.tgz 0ms (cache hit)
453 http cache has-property-descriptors@https://registry.npmjs.org/has-property-descriptors/-/has-property-descriptors-1.0.2.tgz 0ms (cache hit)
454 http cache has-flag@https://registry.npmjs.org/has-flag/-/has-flag-4.0.0.tgz 0ms (cache hit)
455 http cache has-bigints@https://registry.npmjs.org/has-bigints/-/has-bigints-1.1.0.tgz 0ms (cache hit)
456 http cache h3@https://registry.npmjs.org/h3/-/h3-1.15.6.tgz 0ms (cache hit)
457 http cache graceful-fs@https://registry.npmjs.org/graceful-fs/-/graceful-fs-4.2.11.tgz 0ms (cache hit)
458 http cache gopd@https://registry.npmjs.org/gopd/-/gopd-1.2.0.tgz 0ms (cache hit)
459 http cache gonzales-pe@https://registry.npmjs.org/gonzales-pe/-/gonzales-pe-4.3.0.tgz 0ms (cache hit)
460 http cache globalthis@https://registry.npmjs.org/globalthis/-/globalthis-1.0.4.tgz 0ms (cache hit)
461 http cache glob-parent@https://registry.npmjs.org/glob-parent/-/glob-parent-5.1.2.tgz 0ms (cache hit)
462 http cache glob@https://registry.npmjs.org/glob/-/glob-10.5.0.tgz 0ms (cache hit)
463 http cache github-slugger@https://registry.npmjs.org/github-slugger/-/github-slugger-2.0.0.tgz 0ms (cache hit)
464 http cache get-symbol-description@https://registry.npmjs.org/get-symbol-description/-/get-symbol-description-1.1.0.tgz 0ms (cache hit)
465 http cache get-stream@https://registry.npmjs.org/get-stream/-/get-stream-8.0.1.tgz 0ms (cache hit)
466 http cache get-proto@https://registry.npmjs.org/get-proto/-/get-proto-1.0.1.tgz 0ms (cache hit)
467 http cache get-port-please@https://registry.npmjs.org/get-port-please/-/get-port-please-3.2.0.tgz 0ms (cache hit)
468 http cache get-port@https://registry.npmjs.org/get-port/-/get-port-7.1.0.tgz 0ms (cache hit)
469 http cache get-intrinsic@https://registry.npmjs.org/get-intrinsic/-/get-intrinsic-1.3.0.tgz 0ms (cache hit)
470 http cache get-east-asian-width@https://registry.npmjs.org/get-east-asian-width/-/get-east-asian-width-1.5.0.tgz 0ms (cache hit)
471 http cache get-caller-file@https://registry.npmjs.org/get-caller-file/-/get-caller-file-2.0.5.tgz 0ms (cache hit)
472 http cache get-amd-module-type@https://registry.npmjs.org/get-amd-module-type/-/get-amd-module-type-6.0.1.tgz 0ms (cache hit)
473 http cache generator-function@https://registry.npmjs.org/generator-function/-/generator-function-2.0.1.tgz 0ms (cache hit)
474 http cache functions-have-names@https://registry.npmjs.org/functions-have-names/-/functions-have-names-1.2.3.tgz 0ms (cache hit)
475 http cache gensync@https://registry.npmjs.org/gensync/-/gensync-1.0.0-beta.2.tgz 0ms (cache hit)
476 http cache function.prototype.name@https://registry.npmjs.org/function.prototype.name/-/function.prototype.name-1.1.8.tgz 0ms (cache hit)
477 http cache function-bind@https://registry.npmjs.org/function-bind/-/function-bind-1.1.2.tgz 0ms (cache hit)
478 http cache fsevents@https://registry.npmjs.org/fsevents/-/fsevents-2.3.3.tgz 0ms (cache hit)
479 http cache framer-motion@https://registry.npmjs.org/framer-motion/-/framer-motion-12.35.1.tgz 0ms (cache hit)
480 http cache formdata-polyfill@https://registry.npmjs.org/formdata-polyfill/-/formdata-polyfill-4.0.10.tgz 0ms (cache hit)
481 http cache for-each@https://registry.npmjs.org/for-each/-/for-each-0.3.5.tgz 0ms (cache hit)
482 http cache fontkitten@https://registry.npmjs.org/fontkitten/-/fontkitten-1.0.3.tgz 0ms (cache hit)
483 http cache fontace@https://registry.npmjs.org/fontace/-/fontace-0.4.1.tgz 0ms (cache hit)
484 http cache foreground-child@https://registry.npmjs.org/foreground-child/-/foreground-child-3.3.1.tgz 0ms (cache hit)
485 http cache fn.name@https://registry.npmjs.org/fn.name/-/fn.name-1.1.0.tgz 0ms (cache hit)
486 http cache flattie@https://registry.npmjs.org/flattie/-/flattie-1.1.1.tgz 0ms (cache hit)
487 http cache find-up-simple@https://registry.npmjs.org/find-up-simple/-/find-up-simple-1.0.1.tgz 0ms (cache hit)
488 http cache find-up@https://registry.npmjs.org/find-up/-/find-up-7.0.0.tgz 0ms (cache hit)
489 http cache filter-obj@https://registry.npmjs.org/filter-obj/-/filter-obj-6.1.0.tgz 0ms (cache hit)
490 http cache fill-range@https://registry.npmjs.org/fill-range/-/fill-range-7.1.1.tgz 0ms (cache hit)
491 http cache file-uri-to-path@https://registry.npmjs.org/file-uri-to-path/-/file-uri-to-path-1.0.0.tgz 0ms (cache hit)
492 http cache figures@https://registry.npmjs.org/figures/-/figures-6.1.0.tgz 0ms (cache hit)
493 http cache fetch-blob@https://registry.npmjs.org/fetch-blob/-/fetch-blob-3.2.0.tgz 0ms (cache hit)
494 http cache fecha@https://registry.npmjs.org/fecha/-/fecha-4.2.3.tgz 0ms (cache hit)
495 http cache fdir@https://registry.npmjs.org/fdir/-/fdir-6.5.0.tgz 0ms (cache hit)
496 http cache fd-slicer@https://registry.npmjs.org/fd-slicer/-/fd-slicer-1.1.0.tgz 0ms (cache hit)
497 http cache fastq@https://registry.npmjs.org/fastq/-/fastq-1.20.1.tgz 0ms (cache hit)
498 http cache fast-safe-stringify@https://registry.npmjs.org/fast-safe-stringify/-/fast-safe-stringify-2.1.1.tgz 0ms (cache hit)
499 http cache fast-uri@https://registry.npmjs.org/fast-uri/-/fast-uri-3.1.0.tgz 0ms (cache hit)
500 http cache fast-json-stable-stringify@https://registry.npmjs.org/fast-json-stable-stringify/-/fast-json-stable-stringify-2.1.0.tgz 0ms (cache hit)
501 http cache fast-glob@https://registry.npmjs.org/fast-glob/-/fast-glob-3.3.3.tgz 0ms (cache hit)
502 http cache fast-deep-equal@https://registry.npmjs.org/fast-deep-equal/-/fast-deep-equal-3.1.3.tgz 0ms (cache hit)
503 http cache fast-fifo@https://registry.npmjs.org/fast-fifo/-/fast-fifo-1.3.2.tgz 0ms (cache hit)
504 http cache extract-zip@https://registry.npmjs.org/extract-zip/-/extract-zip-2.0.1.tgz 0ms (cache hit)
505 http cache extend@https://registry.npmjs.org/extend/-/extend-3.0.2.tgz 0ms (cache hit)
506 http cache execa@https://registry.npmjs.org/execa/-/execa-8.0.1.tgz 0ms (cache hit)
507 http cache events-universal@https://registry.npmjs.org/events-universal/-/events-universal-1.0.1.tgz 0ms (cache hit)
508 http cache events@https://registry.npmjs.org/events/-/events-3.3.0.tgz 0ms (cache hit)
509 http cache event-target-shim@https://registry.npmjs.org/event-target-shim/-/event-target-shim-5.0.1.tgz 0ms (cache hit)
510 http cache etag@https://registry.npmjs.org/etag/-/etag-1.8.1.tgz 0ms (cache hit)
511 http cache esutils@https://registry.npmjs.org/esutils/-/esutils-2.0.3.tgz 0ms (cache hit)
512 http cache estree-walker@https://registry.npmjs.org/estree-walker/-/estree-walker-3.0.3.tgz 0ms (cache hit)
513 http cache eventemitter3@https://registry.npmjs.org/eventemitter3/-/eventemitter3-5.0.4.tgz 0ms (cache hit)
514 http cache estraverse@https://registry.npmjs.org/estraverse/-/estraverse-5.3.0.tgz 0ms (cache hit)
515 http cache eslint-visitor-keys@https://registry.npmjs.org/eslint-visitor-keys/-/eslint-visitor-keys-5.0.1.tgz 0ms (cache hit)
516 http cache escodegen@https://registry.npmjs.org/escodegen/-/escodegen-2.1.0.tgz 0ms (cache hit)
517 http cache escape-string-regexp@https://registry.npmjs.org/escape-string-regexp/-/escape-string-regexp-5.0.0.tgz 0ms (cache hit)
518 http cache esbuild@https://registry.npmjs.org/esbuild/-/esbuild-0.27.3.tgz 0ms (cache hit)
519 http cache es-to-primitive@https://registry.npmjs.org/es-to-primitive/-/es-to-primitive-1.3.0.tgz 0ms (cache hit)
520 http cache es-shim-unscopables@https://registry.npmjs.org/es-shim-unscopables/-/es-shim-unscopables-1.1.0.tgz 0ms (cache hit)
521 http cache esprima@https://registry.npmjs.org/esprima/-/esprima-4.0.1.tgz 0ms (cache hit)
522 http cache es-set-tostringtag@https://registry.npmjs.org/es-set-tostringtag/-/es-set-tostringtag-2.1.0.tgz 0ms (cache hit)
523 http cache es-object-atoms@https://registry.npmjs.org/es-object-atoms/-/es-object-atoms-1.1.1.tgz 0ms (cache hit)
524 http cache es-module-lexer@https://registry.npmjs.org/es-module-lexer/-/es-module-lexer-1.7.0.tgz 0ms (cache hit)
525 http cache escalade@https://registry.npmjs.org/escalade/-/escalade-3.2.0.tgz 0ms (cache hit)
526 http cache es-errors@https://registry.npmjs.org/es-errors/-/es-errors-1.3.0.tgz 0ms (cache hit)
527 http cache es-define-property@https://registry.npmjs.org/es-define-property/-/es-define-property-1.0.1.tgz 0ms (cache hit)
528 http cache env-paths@https://registry.npmjs.org/env-paths/-/env-paths-3.0.0.tgz 0ms (cache hit)
529 http cache es-abstract@https://registry.npmjs.org/es-abstract/-/es-abstract-1.24.1.tgz 0ms (cache hit)
530 http cache entities@https://registry.npmjs.org/entities/-/entities-6.0.1.tgz 0ms (cache hit)
531 http cache end-of-stream@https://registry.npmjs.org/end-of-stream/-/end-of-stream-1.4.5.tgz 0ms (cache hit)
532 http cache encoding-sniffer@https://registry.npmjs.org/encoding-sniffer/-/encoding-sniffer-0.2.1.tgz 0ms (cache hit)
533 http cache enabled@https://registry.npmjs.org/enabled/-/enabled-2.0.0.tgz 0ms (cache hit)
534 http cache empathic@https://registry.npmjs.org/empathic/-/empathic-2.0.0.tgz 0ms (cache hit)
535 http cache electron-to-chromium@https://registry.npmjs.org/electron-to-chromium/-/electron-to-chromium-1.5.307.tgz 0ms (cache hit)
536 http cache emoji-regex@https://registry.npmjs.org/emoji-regex/-/emoji-regex-10.6.0.tgz 0ms (cache hit)
537 http cache dunder-proto@https://registry.npmjs.org/dunder-proto/-/dunder-proto-1.0.1.tgz 0ms (cache hit)
538 http cache ecdsa-sig-formatter@https://registry.npmjs.org/ecdsa-sig-formatter/-/ecdsa-sig-formatter-1.0.11.tgz 0ms (cache hit)
539 http cache eastasianwidth@https://registry.npmjs.org/eastasianwidth/-/eastasianwidth-0.2.0.tgz 0ms (cache hit)
540 http cache dset@https://registry.npmjs.org/dset/-/dset-3.1.4.tgz 0ms (cache hit)
541 http cache dotenv@https://registry.npmjs.org/dotenv/-/dotenv-16.6.1.tgz 0ms (cache hit)
542 http cache dot-prop@https://registry.npmjs.org/dot-prop/-/dot-prop-9.0.0.tgz 0ms (cache hit)
543 http cache domutils@https://registry.npmjs.org/domutils/-/domutils-3.2.2.tgz 0ms (cache hit)
544 http cache domhandler@https://registry.npmjs.org/domhandler/-/domhandler-5.0.3.tgz 0ms (cache hit)
545 http cache domelementtype@https://registry.npmjs.org/domelementtype/-/domelementtype-2.3.0.tgz 0ms (cache hit)
546 http cache dlv@https://registry.npmjs.org/dlv/-/dlv-1.1.3.tgz 0ms (cache hit)
547 http cache diff@https://registry.npmjs.org/diff/-/diff-8.0.3.tgz 0ms (cache hit)
548 http cache dom-serializer@https://registry.npmjs.org/dom-serializer/-/dom-serializer-2.0.0.tgz 0ms (cache hit)
549 http cache devlop@https://registry.npmjs.org/devlop/-/devlop-1.1.0.tgz 0ms (cache hit)
550 http cache devalue@https://registry.npmjs.org/devalue/-/devalue-5.6.3.tgz 0ms (cache hit)
551 http cache dettle@https://registry.npmjs.org/dettle/-/dettle-1.0.5.tgz 0ms (cache hit)
552 http cache deterministic-object-hash@https://registry.npmjs.org/deterministic-object-hash/-/deterministic-object-hash-2.0.2.tgz 0ms (cache hit)
553 http cache detective-vue2@https://registry.npmjs.org/detective-vue2/-/detective-vue2-2.2.0.tgz 0ms (cache hit)
554 http cache detective-stylus@https://registry.npmjs.org/detective-stylus/-/detective-stylus-5.0.1.tgz 0ms (cache hit)
555 http cache detective-typescript@https://registry.npmjs.org/detective-typescript/-/detective-typescript-14.0.0.tgz 0ms (cache hit)
556 http cache detective-scss@https://registry.npmjs.org/detective-scss/-/detective-scss-5.0.1.tgz 0ms (cache hit)
557 http cache detective-postcss@https://registry.npmjs.org/detective-postcss/-/detective-postcss-7.0.1.tgz 0ms (cache hit)
558 http cache detective-sass@https://registry.npmjs.org/detective-sass/-/detective-sass-6.0.1.tgz 0ms (cache hit)
559 http cache detective-cjs@https://registry.npmjs.org/detective-cjs/-/detective-cjs-6.1.0.tgz 0ms (cache hit)
560 http cache detective-es6@https://registry.npmjs.org/detective-es6/-/detective-es6-5.0.1.tgz 0ms (cache hit)
561 http cache detect-libc@https://registry.npmjs.org/detect-libc/-/detect-libc-2.1.2.tgz 0ms (cache hit)
562 http cache detective-amd@https://registry.npmjs.org/detective-amd/-/detective-amd-6.0.1.tgz 0ms (cache hit)
563 http cache destr@https://registry.npmjs.org/destr/-/destr-2.0.5.tgz 0ms (cache hit)
564 http cache dequal@https://registry.npmjs.org/dequal/-/dequal-2.0.3.tgz 0ms (cache hit)
565 http cache defu@https://registry.npmjs.org/defu/-/defu-6.1.4.tgz 0ms (cache hit)
566 http cache define-properties@https://registry.npmjs.org/define-properties/-/define-properties-1.2.1.tgz 0ms (cache hit)
567 http cache define-data-property@https://registry.npmjs.org/define-data-property/-/define-data-property-1.1.4.tgz 0ms (cache hit)
568 http cache deepmerge@https://registry.npmjs.org/deepmerge/-/deepmerge-4.3.1.tgz 0ms (cache hit)
569 http cache dedent@https://registry.npmjs.org/dedent/-/dedent-1.7.2.tgz 0ms (cache hit)
570 http cache decache@https://registry.npmjs.org/decache/-/decache-4.6.2.tgz 0ms (cache hit)
571 http cache debug@https://registry.npmjs.org/debug/-/debug-4.4.3.tgz 0ms (cache hit)
572 http cache decode-named-character-reference@https://registry.npmjs.org/decode-named-character-reference/-/decode-named-character-reference-1.3.0.tgz 0ms (cache hit)
573 http cache data-view-byte-offset@https://registry.npmjs.org/data-view-byte-offset/-/data-view-byte-offset-1.0.1.tgz 0ms (cache hit)
574 http cache data-view-buffer@https://registry.npmjs.org/data-view-buffer/-/data-view-buffer-1.0.2.tgz 0ms (cache hit)
575 http cache data-view-byte-length@https://registry.npmjs.org/data-view-byte-length/-/data-view-byte-length-1.0.2.tgz 0ms (cache hit)
576 http cache data-uri-to-buffer@https://registry.npmjs.org/data-uri-to-buffer/-/data-uri-to-buffer-4.0.1.tgz 0ms (cache hit)
577 http cache csstype@https://registry.npmjs.org/csstype/-/csstype-3.2.3.tgz 0ms (cache hit)
578 http cache csso@https://registry.npmjs.org/csso/-/csso-5.0.5.tgz 0ms (cache hit)
579 http cache cssfilter@https://registry.npmjs.org/cssfilter/-/cssfilter-0.0.10.tgz 0ms (cache hit)
580 http cache cssesc@https://registry.npmjs.org/cssesc/-/cssesc-3.0.0.tgz 0ms (cache hit)
581 http cache css-what@https://registry.npmjs.org/css-what/-/css-what-6.2.2.tgz 0ms (cache hit)
582 http cache css-tree@https://registry.npmjs.org/css-tree/-/css-tree-3.2.1.tgz 0ms (cache hit)
583 http cache css-select@https://registry.npmjs.org/css-select/-/css-select-5.2.2.tgz 0ms (cache hit)
584 http cache crossws@https://registry.npmjs.org/crossws/-/crossws-0.3.5.tgz 0ms (cache hit)
585 http cache cross-spawn@https://registry.npmjs.org/cross-spawn/-/cross-spawn-7.0.6.tgz 0ms (cache hit)
586 http cache cron-parser@https://registry.npmjs.org/cron-parser/-/cron-parser-4.9.0.tgz 0ms (cache hit)
587 http cache crc32-stream@https://registry.npmjs.org/crc32-stream/-/crc32-stream-6.0.0.tgz 0ms (cache hit)
588 http cache crc-32@https://registry.npmjs.org/crc-32/-/crc-32-1.2.2.tgz 0ms (cache hit)
589 http cache core-util-is@https://registry.npmjs.org/core-util-is/-/core-util-is-1.0.3.tgz 0ms (cache hit)
590 http cache copy-file@https://registry.npmjs.org/copy-file/-/copy-file-11.1.0.tgz 0ms (cache hit)
591 http cache cookie-es@https://registry.npmjs.org/cookie-es/-/cookie-es-1.2.2.tgz 0ms (cache hit)
592 http cache convert-source-map@https://registry.npmjs.org/convert-source-map/-/convert-source-map-2.0.0.tgz 0ms (cache hit)
593 http cache cookie@https://registry.npmjs.org/cookie/-/cookie-1.1.1.tgz 0ms (cache hit)
594 http cache consola@https://registry.npmjs.org/consola/-/consola-3.4.2.tgz 0ms (cache hit)
595 http cache confbox@https://registry.npmjs.org/confbox/-/confbox-0.1.8.tgz 0ms (cache hit)
596 http cache compress-commons@https://registry.npmjs.org/compress-commons/-/compress-commons-6.0.2.tgz 0ms (cache hit)
597 http cache common-path-prefix@https://registry.npmjs.org/common-path-prefix/-/common-path-prefix-3.0.0.tgz 0ms (cache hit)
598 http cache common-ancestor-path@https://registry.npmjs.org/common-ancestor-path/-/common-ancestor-path-1.0.1.tgz 0ms (cache hit)
599 http cache commander@https://registry.npmjs.org/commander/-/commander-11.1.0.tgz 0ms (cache hit)
600 http cache comma-separated-tokens@https://registry.npmjs.org/comma-separated-tokens/-/comma-separated-tokens-2.0.3.tgz 0ms (cache hit)
601 http cache color-string@https://registry.npmjs.org/color-string/-/color-string-2.1.4.tgz 0ms (cache hit)
602 http cache color-name@https://registry.npmjs.org/color-name/-/color-name-1.1.4.tgz 0ms (cache hit)
603 http cache color-convert@https://registry.npmjs.org/color-convert/-/color-convert-2.0.1.tgz 0ms (cache hit)
604 http cache color@https://registry.npmjs.org/color/-/color-5.0.3.tgz 0ms (cache hit)
605 http cache clsx@https://registry.npmjs.org/clsx/-/clsx-2.1.1.tgz 0ms (cache hit)
606 http cache cliui@https://registry.npmjs.org/cliui/-/cliui-8.0.1.tgz 0ms (cache hit)
607 http cache clipboardy@https://registry.npmjs.org/clipboardy/-/clipboardy-4.0.0.tgz 0ms (cache hit)
608 http cache cli-boxes@https://registry.npmjs.org/cli-boxes/-/cli-boxes-3.0.0.tgz 0ms (cache hit)
609 http cache cjs-module-lexer@https://registry.npmjs.org/cjs-module-lexer/-/cjs-module-lexer-1.4.3.tgz 0ms (cache hit)
610 http cache citty@https://registry.npmjs.org/citty/-/citty-0.1.6.tgz 0ms (cache hit)
611 http cache ci-info@https://registry.npmjs.org/ci-info/-/ci-info-4.4.0.tgz 0ms (cache hit)
612 http cache chownr@https://registry.npmjs.org/chownr/-/chownr-3.0.0.tgz 0ms (cache hit)
613 http cache chokidar@https://registry.npmjs.org/chokidar/-/chokidar-5.0.0.tgz 0ms (cache hit)
614 http cache cheerio-select@https://registry.npmjs.org/cheerio-select/-/cheerio-select-2.1.0.tgz 0ms (cache hit)
615 http cache cheerio@https://registry.npmjs.org/cheerio/-/cheerio-1.2.0.tgz 0ms (cache hit)
616 http cache character-entities-legacy@https://registry.npmjs.org/character-entities-legacy/-/character-entities-legacy-3.0.0.tgz 0ms (cache hit)
617 http cache character-entities-html4@https://registry.npmjs.org/character-entities-html4/-/character-entities-html4-2.1.0.tgz 0ms (cache hit)
618 http cache chalk@https://registry.npmjs.org/chalk/-/chalk-5.6.2.tgz 0ms (cache hit)
619 http cache character-entities@https://registry.npmjs.org/character-entities/-/character-entities-2.0.2.tgz 0ms (cache hit)
620 http cache ccount@https://registry.npmjs.org/ccount/-/ccount-2.0.1.tgz 0ms (cache hit)
621 http cache caniuse-lite@https://registry.npmjs.org/caniuse-lite/-/caniuse-lite-1.0.30001777.tgz 0ms (cache hit)
622 http cache camelcase@https://registry.npmjs.org/camelcase/-/camelcase-8.0.0.tgz 0ms (cache hit)
623 http cache callsite@https://registry.npmjs.org/callsite/-/callsite-1.0.0.tgz 0ms (cache hit)
624 http cache call-bound@https://registry.npmjs.org/call-bound/-/call-bound-1.0.4.tgz 0ms (cache hit)
625 http cache call-bind@https://registry.npmjs.org/call-bind/-/call-bind-1.0.8.tgz 0ms (cache hit)
626 http cache buffer-from@https://registry.npmjs.org/buffer-from/-/buffer-from-1.1.2.tgz 0ms (cache hit)
627 http cache buffer-equal-constant-time@https://registry.npmjs.org/buffer-equal-constant-time/-/buffer-equal-constant-time-1.0.1.tgz 0ms (cache hit)
628 http cache call-bind-apply-helpers@https://registry.npmjs.org/call-bind-apply-helpers/-/call-bind-apply-helpers-1.0.2.tgz 0ms (cache hit)
629 http cache buffer@https://registry.npmjs.org/buffer/-/buffer-6.0.3.tgz 0ms (cache hit)
630 http cache browserslist@https://registry.npmjs.org/browserslist/-/browserslist-4.28.1.tgz 0ms (cache hit)
631 http cache braces@https://registry.npmjs.org/braces/-/braces-3.0.3.tgz 0ms (cache hit)
632 http cache buffer-crc32@https://registry.npmjs.org/buffer-crc32/-/buffer-crc32-1.0.0.tgz 0ms (cache hit)
633 http cache brace-expansion@https://registry.npmjs.org/brace-expansion/-/brace-expansion-2.0.2.tgz 0ms (cache hit)
634 http cache boxen@https://registry.npmjs.org/boxen/-/boxen-8.0.1.tgz 0ms (cache hit)
635 http cache boolbase@https://registry.npmjs.org/boolbase/-/boolbase-1.0.0.tgz 0ms (cache hit)
636 http cache bindings@https://registry.npmjs.org/bindings/-/bindings-1.5.0.tgz 0ms (cache hit)
637 http cache better-ajv-errors@https://registry.npmjs.org/better-ajv-errors/-/better-ajv-errors-1.2.0.tgz 0ms (cache hit)
638 http cache baseline-browser-mapping@https://registry.npmjs.org/baseline-browser-mapping/-/baseline-browser-mapping-2.10.0.tgz 0ms (cache hit)
639 http cache base64-js@https://registry.npmjs.org/base64-js/-/base64-js-1.5.1.tgz 0ms (cache hit)
640 http cache base-64@https://registry.npmjs.org/base-64/-/base-64-1.0.0.tgz 0ms (cache hit)
641 http cache bare-url@https://registry.npmjs.org/bare-url/-/bare-url-2.3.2.tgz 0ms (cache hit)
642 http cache bare-stream@https://registry.npmjs.org/bare-stream/-/bare-stream-2.8.0.tgz 0ms (cache hit)
643 http cache bare-path@https://registry.npmjs.org/bare-path/-/bare-path-3.0.0.tgz 0ms (cache hit)
644 http cache bare-os@https://registry.npmjs.org/bare-os/-/bare-os-3.7.1.tgz 0ms (cache hit)
645 http cache bare-fs@https://registry.npmjs.org/bare-fs/-/bare-fs-4.5.5.tgz 0ms (cache hit)
646 http cache bare-events@https://registry.npmjs.org/bare-events/-/bare-events-2.8.2.tgz 0ms (cache hit)
647 http cache balanced-match@https://registry.npmjs.org/balanced-match/-/balanced-match-1.0.2.tgz 0ms (cache hit)
648 http cache bail@https://registry.npmjs.org/bail/-/bail-2.0.2.tgz 0ms (cache hit)
649 http cache axobject-query@https://registry.npmjs.org/axobject-query/-/axobject-query-4.1.0.tgz 0ms (cache hit)
650 http cache available-typed-arrays@https://registry.npmjs.org/available-typed-arrays/-/available-typed-arrays-1.0.7.tgz 0ms (cache hit)
651 http cache async-sema@https://registry.npmjs.org/async-sema/-/async-sema-3.1.1.tgz 0ms (cache hit)
652 http cache async-function@https://registry.npmjs.org/async-function/-/async-function-1.0.0.tgz 0ms (cache hit)
653 http cache async@https://registry.npmjs.org/async/-/async-3.2.6.tgz 0ms (cache hit)
654 http cache astro@https://registry.npmjs.org/astro/-/astro-5.18.0.tgz 0ms (cache hit)
655 http cache ast-module-types@https://registry.npmjs.org/ast-module-types/-/ast-module-types-6.0.1.tgz 0ms (cache hit)
656 http cache array.prototype.flatmap@https://registry.npmjs.org/array.prototype.flatmap/-/array.prototype.flatmap-1.3.3.tgz 0ms (cache hit)
657 http cache arraybuffer.prototype.slice@https://registry.npmjs.org/arraybuffer.prototype.slice/-/arraybuffer.prototype.slice-1.0.4.tgz 0ms (cache hit)
658 http cache array-iterate@https://registry.npmjs.org/array-iterate/-/array-iterate-2.0.1.tgz 0ms (cache hit)
659 http cache array-buffer-byte-length@https://registry.npmjs.org/array-buffer-byte-length/-/array-buffer-byte-length-1.0.2.tgz 0ms (cache hit)
660 http cache aria-query@https://registry.npmjs.org/aria-query/-/aria-query-5.3.2.tgz 0ms (cache hit)
661 http cache arg@https://registry.npmjs.org/arg/-/arg-5.0.2.tgz 0ms (cache hit)
662 http cache argparse@https://registry.npmjs.org/argparse/-/argparse-2.0.1.tgz 0ms (cache hit)
663 http cache archiver-utils@https://registry.npmjs.org/archiver-utils/-/archiver-utils-5.0.2.tgz 0ms (cache hit)
664 http cache archiver@https://registry.npmjs.org/archiver/-/archiver-7.0.1.tgz 0ms (cache hit)
665 http cache anymatch@https://registry.npmjs.org/anymatch/-/anymatch-3.1.3.tgz 0ms (cache hit)
666 http cache ansis@https://registry.npmjs.org/ansis/-/ansis-4.2.0.tgz 0ms (cache hit)
667 http cache ansi-styles@https://registry.npmjs.org/ansi-styles/-/ansi-styles-6.2.3.tgz 0ms (cache hit)
668 http cache ansi-regex@https://registry.npmjs.org/ansi-regex/-/ansi-regex-6.2.2.tgz 0ms (cache hit)
669 http cache ajv@https://registry.npmjs.org/ajv/-/ajv-6.14.0.tgz 0ms (cache hit)
670 http cache ansi-align@https://registry.npmjs.org/ansi-align/-/ansi-align-3.0.1.tgz 0ms (cache hit)
671 http cache agent-base@https://registry.npmjs.org/agent-base/-/agent-base-7.1.4.tgz 0ms (cache hit)
672 http cache acorn-import-attributes@https://registry.npmjs.org/acorn-import-attributes/-/acorn-import-attributes-1.9.5.tgz 0ms (cache hit)
673 http cache acorn@https://registry.npmjs.org/acorn/-/acorn-8.16.0.tgz 0ms (cache hit)
674 http cache abort-controller@https://registry.npmjs.org/abort-controller/-/abort-controller-3.0.0.tgz 0ms (cache hit)
675 http cache abbrev@https://registry.npmjs.org/abbrev/-/abbrev-3.0.1.tgz 0ms (cache hit)
676 http cache @whatwg-node/server@https://registry.npmjs.org/@whatwg-node/server/-/server-0.10.18.tgz 0ms (cache hit)
677 http cache @whatwg-node/promise-helpers@https://registry.npmjs.org/@whatwg-node/promise-helpers/-/promise-helpers-1.3.2.tgz 0ms (cache hit)
678 http cache @whatwg-node/node-fetch@https://registry.npmjs.org/@whatwg-node/node-fetch/-/node-fetch-0.8.5.tgz 0ms (cache hit)
679 http cache @whatwg-node/fetch@https://registry.npmjs.org/@whatwg-node/fetch/-/fetch-0.10.13.tgz 0ms (cache hit)
680 http cache @whatwg-node/disposablestack@https://registry.npmjs.org/@whatwg-node/disposablestack/-/disposablestack-0.0.6.tgz 0ms (cache hit)
681 http cache @vue/shared@https://registry.npmjs.org/@vue/shared/-/shared-3.5.29.tgz 0ms (cache hit)
682 http cache @vue/compiler-ssr@https://registry.npmjs.org/@vue/compiler-ssr/-/compiler-ssr-3.5.29.tgz 0ms (cache hit)
683 http cache @vue/compiler-sfc@https://registry.npmjs.org/@vue/compiler-sfc/-/compiler-sfc-3.5.29.tgz 0ms (cache hit)
684 http cache @vue/compiler-dom@https://registry.npmjs.org/@vue/compiler-dom/-/compiler-dom-3.5.29.tgz 0ms (cache hit)
685 http cache b4a@https://registry.npmjs.org/b4a/-/b4a-1.8.0.tgz 0ms (cache hit)
686 http cache @vue/compiler-core@https://registry.npmjs.org/@vue/compiler-core/-/compiler-core-3.5.29.tgz 0ms (cache hit)
687 http cache @vercel/nft@https://registry.npmjs.org/@vercel/nft/-/nft-0.30.4.tgz 0ms (cache hit)
688 http cache @ungap/structured-clone@https://registry.npmjs.org/@ungap/structured-clone/-/structured-clone-1.3.0.tgz 0ms (cache hit)
689 http cache @typescript-eslint/visitor-keys@https://registry.npmjs.org/@typescript-eslint/visitor-keys/-/visitor-keys-8.56.1.tgz 0ms (cache hit)
690 http cache @typescript-eslint/typescript-estree@https://registry.npmjs.org/@typescript-eslint/typescript-estree/-/typescript-estree-8.56.1.tgz 0ms (cache hit)
691 http cache @typescript-eslint/types@https://registry.npmjs.org/@typescript-eslint/types/-/types-8.56.1.tgz 0ms (cache hit)
692 http cache @typescript-eslint/tsconfig-utils@https://registry.npmjs.org/@typescript-eslint/tsconfig-utils/-/tsconfig-utils-8.56.1.tgz 0ms (cache hit)
693 http cache @typescript-eslint/project-service@https://registry.npmjs.org/@typescript-eslint/project-service/-/project-service-8.56.1.tgz 0ms (cache hit)
694 http cache @types/yauzl@https://registry.npmjs.org/@types/yauzl/-/yauzl-2.10.3.tgz 0ms (cache hit)
695 http cache @vitejs/plugin-react@https://registry.npmjs.org/@vitejs/plugin-react/-/plugin-react-4.7.0.tgz 0ms (cache hit)
696 http cache @types/triple-beam@https://registry.npmjs.org/@types/triple-beam/-/triple-beam-1.3.5.tgz 0ms (cache hit)
697 http cache @types/sax@https://registry.npmjs.org/@types/sax/-/sax-1.2.7.tgz 0ms (cache hit)
698 http cache @types/retry@https://registry.npmjs.org/@types/retry/-/retry-0.12.2.tgz 0ms (cache hit)
699 http cache @types/react-dom@https://registry.npmjs.org/@types/react-dom/-/react-dom-19.2.3.tgz 0ms (cache hit)
700 http cache @types/react@https://registry.npmjs.org/@types/react/-/react-19.2.14.tgz 0ms (cache hit)
701 http cache @types/normalize-package-data@https://registry.npmjs.org/@types/normalize-package-data/-/normalize-package-data-2.4.4.tgz 0ms (cache hit)
702 http cache @types/node@https://registry.npmjs.org/@types/node/-/node-25.3.5.tgz 0ms (cache hit)
703 http cache @types/unist@https://registry.npmjs.org/@types/unist/-/unist-3.0.3.tgz 0ms (cache hit)
704 http cache @types/nlcst@https://registry.npmjs.org/@types/nlcst/-/nlcst-2.0.3.tgz 0ms (cache hit)
705 http cache @types/ms@https://registry.npmjs.org/@types/ms/-/ms-2.1.0.tgz 0ms (cache hit)
706 http cache @types/mdast@https://registry.npmjs.org/@types/mdast/-/mdast-4.0.4.tgz 0ms (cache hit)
707 http cache @types/hast@https://registry.npmjs.org/@types/hast/-/hast-3.0.4.tgz 0ms (cache hit)
708 http cache @types/estree@https://registry.npmjs.org/@types/estree/-/estree-1.0.8.tgz 0ms (cache hit)
709 http cache @types/debug@https://registry.npmjs.org/@types/debug/-/debug-4.1.12.tgz 0ms (cache hit)
710 http cache @types/babel__traverse@https://registry.npmjs.org/@types/babel__traverse/-/babel__traverse-7.28.0.tgz 0ms (cache hit)
711 http cache @types/babel__generator@https://registry.npmjs.org/@types/babel__generator/-/babel__generator-7.27.0.tgz 0ms (cache hit)
712 http cache @types/babel__template@https://registry.npmjs.org/@types/babel__template/-/babel__template-7.4.4.tgz 0ms (cache hit)
713 http cache @types/babel__core@https://registry.npmjs.org/@types/babel__core/-/babel__core-7.20.5.tgz 0ms (cache hit)
714 http cache @so-ric/colorspace@https://registry.npmjs.org/@so-ric/colorspace/-/colorspace-1.1.6.tgz 0ms (cache hit)
715 http cache @shikijs/vscode-textmate@https://registry.npmjs.org/@shikijs/vscode-textmate/-/vscode-textmate-10.0.2.tgz 0ms (cache hit)
716 http cache @shikijs/types@https://registry.npmjs.org/@shikijs/types/-/types-3.23.0.tgz 0ms (cache hit)
717 http cache @sveltejs/acorn-typescript@https://registry.npmjs.org/@sveltejs/acorn-typescript/-/acorn-typescript-1.0.9.tgz 0ms (cache hit)
718 http cache @shikijs/themes@https://registry.npmjs.org/@shikijs/themes/-/themes-3.23.0.tgz 0ms (cache hit)
719 http cache @shikijs/langs@https://registry.npmjs.org/@shikijs/langs/-/langs-3.23.0.tgz 0ms (cache hit)
720 http cache @shikijs/engine-oniguruma@https://registry.npmjs.org/@shikijs/engine-oniguruma/-/engine-oniguruma-3.23.0.tgz 0ms (cache hit)
721 http cache @shikijs/engine-javascript@https://registry.npmjs.org/@shikijs/engine-javascript/-/engine-javascript-3.23.0.tgz 0ms (cache hit)
722 http cache @shikijs/core@https://registry.npmjs.org/@shikijs/core/-/core-3.23.0.tgz 0ms (cache hit)
723 http cache @rollup/rollup-darwin-arm64@https://registry.npmjs.org/@rollup/rollup-darwin-arm64/-/rollup-darwin-arm64-4.59.0.tgz 0ms (cache hit)
724 http cache @rollup/pluginutils@https://registry.npmjs.org/@rollup/pluginutils/-/pluginutils-5.3.0.tgz 0ms (cache hit)
725 http cache @rolldown/pluginutils@https://registry.npmjs.org/@rolldown/pluginutils/-/pluginutils-1.0.0-beta.27.tgz 0ms (cache hit)
726 http cache @pkgjs/parseargs@https://registry.npmjs.org/@pkgjs/parseargs/-/parseargs-0.11.0.tgz 0ms (cache hit)
727 http cache @parcel/watcher-darwin-arm64@https://registry.npmjs.org/@parcel/watcher-darwin-arm64/-/watcher-darwin-arm64-2.5.6.tgz 0ms (cache hit)
728 http cache @parcel/watcher@https://registry.npmjs.org/@parcel/watcher/-/watcher-2.5.6.tgz 0ms (cache hit)
729 http cache @oslojs/encoding@https://registry.npmjs.org/@oslojs/encoding/-/encoding-1.1.0.tgz 0ms (cache hit)
730 http cache @opentelemetry/semantic-conventions@https://registry.npmjs.org/@opentelemetry/semantic-conventions/-/semantic-conventions-1.28.0.tgz 0ms (cache hit)
731 http cache @opentelemetry/sdk-trace-node@https://registry.npmjs.org/@opentelemetry/sdk-trace-node/-/sdk-trace-node-1.30.1.tgz 0ms (cache hit)
732 http cache @opentelemetry/sdk-trace-base@https://registry.npmjs.org/@opentelemetry/sdk-trace-base/-/sdk-trace-base-1.30.1.tgz 0ms (cache hit)
733 http cache @opentelemetry/resources@https://registry.npmjs.org/@opentelemetry/resources/-/resources-1.30.1.tgz 0ms (cache hit)
734 http cache @opentelemetry/propagator-jaeger@https://registry.npmjs.org/@opentelemetry/propagator-jaeger/-/propagator-jaeger-1.30.1.tgz 0ms (cache hit)
735 http cache @opentelemetry/propagator-b3@https://registry.npmjs.org/@opentelemetry/propagator-b3/-/propagator-b3-1.30.1.tgz 0ms (cache hit)
736 http cache @opentelemetry/instrumentation@https://registry.npmjs.org/@opentelemetry/instrumentation/-/instrumentation-0.203.0.tgz 0ms (cache hit)
737 http cache @opentelemetry/core@https://registry.npmjs.org/@opentelemetry/core/-/core-1.30.1.tgz 0ms (cache hit)
738 http cache @opentelemetry/context-async-hooks@https://registry.npmjs.org/@opentelemetry/context-async-hooks/-/context-async-hooks-1.30.1.tgz 0ms (cache hit)
739 http cache @opentelemetry/api-logs@https://registry.npmjs.org/@opentelemetry/api-logs/-/api-logs-0.203.0.tgz 0ms (cache hit)
740 http cache @opentelemetry/api@https://registry.npmjs.org/@opentelemetry/api/-/api-1.9.0.tgz 0ms (cache hit)
741 http cache @nodelib/fs.walk@https://registry.npmjs.org/@nodelib/fs.walk/-/fs.walk-1.2.8.tgz 0ms (cache hit)
742 http cache @nodelib/fs.stat@https://registry.npmjs.org/@nodelib/fs.stat/-/fs.stat-2.0.5.tgz 0ms (cache hit)
743 http cache @nodelib/fs.scandir@https://registry.npmjs.org/@nodelib/fs.scandir/-/fs.scandir-2.1.5.tgz 0ms (cache hit)
744 http cache @netlify/zip-it-and-ship-it@https://registry.npmjs.org/@netlify/zip-it-and-ship-it/-/zip-it-and-ship-it-14.4.1.tgz 0ms (cache hit)
745 http cache @netlify/vite-plugin@https://registry.npmjs.org/@netlify/vite-plugin/-/vite-plugin-2.10.8.tgz 0ms (cache hit)
746 http cache @netlify/types@https://registry.npmjs.org/@netlify/types/-/types-2.3.0.tgz 0ms (cache hit)
747 http cache @netlify/serverless-functions-api@https://registry.npmjs.org/@netlify/serverless-functions-api/-/serverless-functions-api-2.10.0.tgz 0ms (cache hit)
748 http cache @netlify/runtime-utils@https://registry.npmjs.org/@netlify/runtime-utils/-/runtime-utils-2.3.0.tgz 0ms (cache hit)
749 http cache @netlify/static@https://registry.npmjs.org/@netlify/static/-/static-3.1.3.tgz 0ms (cache hit)
750 http cache @netlify/runtime@https://registry.npmjs.org/@netlify/runtime/-/runtime-4.1.16.tgz 0ms (cache hit)
751 http cache @netlify/redirects@https://registry.npmjs.org/@netlify/redirects/-/redirects-3.1.5.tgz 0ms (cache hit)
752 http cache @netlify/redirect-parser@https://registry.npmjs.org/@netlify/redirect-parser/-/redirect-parser-15.0.4.tgz 0ms (cache hit)
753 http cache @netlify/otel@https://registry.npmjs.org/@netlify/otel/-/otel-5.1.1.tgz 0ms (cache hit)
754 http cache @netlify/open-api@https://registry.npmjs.org/@netlify/open-api/-/open-api-2.50.0.tgz 0ms (cache hit)
755 http cache @netlify/images@https://registry.npmjs.org/@netlify/images/-/images-1.3.3.tgz 0ms (cache hit)
756 http cache @netlify/headers-parser@https://registry.npmjs.org/@netlify/headers-parser/-/headers-parser-9.0.3.tgz 0ms (cache hit)
757 http cache @netlify/headers@https://registry.npmjs.org/@netlify/headers/-/headers-2.1.3.tgz 0ms (cache hit)
758 http cache @netlify/functions-dev@https://registry.npmjs.org/@netlify/functions-dev/-/functions-dev-1.1.12.tgz 0ms (cache hit)
759 http cache @netlify/functions@https://registry.npmjs.org/@netlify/functions/-/functions-5.1.2.tgz 0ms (cache hit)
760 http cache @netlify/edge-functions-dev@https://registry.npmjs.org/@netlify/edge-functions-dev/-/edge-functions-dev-1.0.11.tgz 0ms (cache hit)
761 http cache @netlify/edge-functions@https://registry.npmjs.org/@netlify/edge-functions/-/edge-functions-3.0.3.tgz 0ms (cache hit)
762 http cache @netlify/edge-functions-bootstrap@https://registry.npmjs.org/@netlify/edge-functions-bootstrap/-/edge-functions-bootstrap-2.16.0.tgz 0ms (cache hit)
763 http cache @netlify/edge-bundler@https://registry.npmjs.org/@netlify/edge-bundler/-/edge-bundler-14.9.14.tgz 0ms (cache hit)
764 http cache @netlify/dev-utils@https://registry.npmjs.org/@netlify/dev-utils/-/dev-utils-4.3.3.tgz 0ms (cache hit)
765 http cache @netlify/dev@https://registry.npmjs.org/@netlify/dev/-/dev-4.14.1.tgz 0ms (cache hit)
766 http cache @netlify/db-dev@https://registry.npmjs.org/@netlify/db-dev/-/db-dev-0.5.0.tgz 0ms (cache hit)
767 http cache @netlify/config@https://registry.npmjs.org/@netlify/config/-/config-24.4.3.tgz 0ms (cache hit)
768 http cache @netlify/cache@https://registry.npmjs.org/@netlify/cache/-/cache-3.4.0.tgz 0ms (cache hit)
769 http cache @netlify/binary-info@https://registry.npmjs.org/@netlify/binary-info/-/binary-info-1.0.0.tgz 0ms (cache hit)
770 http cache @netlify/blobs@https://registry.npmjs.org/@netlify/blobs/-/blobs-10.7.0.tgz 0ms (cache hit)
771 http cache @netlify/api@https://registry.npmjs.org/@netlify/api/-/api-14.0.17.tgz 0ms (cache hit)
772 http cache @mapbox/node-pre-gyp@https://registry.npmjs.org/@mapbox/node-pre-gyp/-/node-pre-gyp-2.0.3.tgz 0ms (cache hit)
773 http cache @jridgewell/trace-mapping@https://registry.npmjs.org/@jridgewell/trace-mapping/-/trace-mapping-0.3.31.tgz 0ms (cache hit)
774 http cache @netlify/ai@https://registry.npmjs.org/@netlify/ai/-/ai-0.4.0.tgz 0ms (cache hit)
775 http cache @jridgewell/sourcemap-codec@https://registry.npmjs.org/@jridgewell/sourcemap-codec/-/sourcemap-codec-1.5.5.tgz 0ms (cache hit)
776 http cache @jridgewell/remapping@https://registry.npmjs.org/@jridgewell/remapping/-/remapping-2.3.5.tgz 0ms (cache hit)
777 http cache @jridgewell/resolve-uri@https://registry.npmjs.org/@jridgewell/resolve-uri/-/resolve-uri-3.1.2.tgz 0ms (cache hit)
778 http cache @jridgewell/gen-mapping@https://registry.npmjs.org/@jridgewell/gen-mapping/-/gen-mapping-0.3.13.tgz 0ms (cache hit)
779 http cache @isaacs/cliui@https://registry.npmjs.org/@isaacs/cliui/-/cliui-8.0.2.tgz 0ms (cache hit)
780 http cache @isaacs/fs-minipass@https://registry.npmjs.org/@isaacs/fs-minipass/-/fs-minipass-4.0.1.tgz 0ms (cache hit)
781 http cache @import-maps/resolve@https://registry.npmjs.org/@import-maps/resolve/-/resolve-2.0.0.tgz 0ms (cache hit)
782 http cache @img/sharp-libvips-darwin-arm64@https://registry.npmjs.org/@img/sharp-libvips-darwin-arm64/-/sharp-libvips-darwin-arm64-1.2.4.tgz 0ms (cache hit)
783 http cache @img/sharp-darwin-arm64@https://registry.npmjs.org/@img/sharp-darwin-arm64/-/sharp-darwin-arm64-0.34.5.tgz 0ms (cache hit)
784 http cache @img/colour@https://registry.npmjs.org/@img/colour/-/colour-1.1.0.tgz 0ms (cache hit)
785 http cache @iarna/toml@https://registry.npmjs.org/@iarna/toml/-/toml-2.2.5.tgz 0ms (cache hit)
786 http cache @humanwhocodes/momoa@https://registry.npmjs.org/@humanwhocodes/momoa/-/momoa-2.0.4.tgz 0ms (cache hit)
787 http cache @fastify/busboy@https://registry.npmjs.org/@fastify/busboy/-/busboy-3.2.0.tgz 0ms (cache hit)
788 http cache @fastify/accept-negotiator@https://registry.npmjs.org/@fastify/accept-negotiator/-/accept-negotiator-2.0.1.tgz 0ms (cache hit)
789 http cache @esbuild/darwin-arm64@https://registry.npmjs.org/@esbuild/darwin-arm64/-/darwin-arm64-0.27.3.tgz 0ms (cache hit)
790 http cache @envelop/instrumentation@https://registry.npmjs.org/@envelop/instrumentation/-/instrumentation-1.0.0.tgz 0ms (cache hit)
791 http cache @electric-sql/pglite@https://registry.npmjs.org/@electric-sql/pglite/-/pglite-0.3.15.tgz 0ms (cache hit)
792 http cache @dependents/detective-less@https://registry.npmjs.org/@dependents/detective-less/-/detective-less-5.0.1.tgz 0ms (cache hit)
793 http cache @dabh/diagnostics@https://registry.npmjs.org/@dabh/diagnostics/-/diagnostics-2.0.8.tgz 0ms (cache hit)
794 http cache @colors/colors@https://registry.npmjs.org/@colors/colors/-/colors-1.6.0.tgz 0ms (cache hit)
795 http cache @capsizecss/unpack@https://registry.npmjs.org/@capsizecss/unpack/-/unpack-4.0.0.tgz 0ms (cache hit)
796 http cache @babel/types@https://registry.npmjs.org/@babel/types/-/types-7.29.0.tgz 0ms (cache hit)
797 http cache @babel/traverse@https://registry.npmjs.org/@babel/traverse/-/traverse-7.29.0.tgz 0ms (cache hit)
798 http cache @babel/template@https://registry.npmjs.org/@babel/template/-/template-7.28.6.tgz 0ms (cache hit)
799 http cache @babel/plugin-transform-react-jsx-source@https://registry.npmjs.org/@babel/plugin-transform-react-jsx-source/-/plugin-transform-react-jsx-source-7.27.1.tgz 0ms (cache hit)
800 http cache @babel/plugin-transform-react-jsx-self@https://registry.npmjs.org/@babel/plugin-transform-react-jsx-self/-/plugin-transform-react-jsx-self-7.27.1.tgz 0ms (cache hit)
801 http cache @babel/parser@https://registry.npmjs.org/@babel/parser/-/parser-7.29.0.tgz 0ms (cache hit)
802 http cache @babel/helper-validator-option@https://registry.npmjs.org/@babel/helper-validator-option/-/helper-validator-option-7.27.1.tgz 0ms (cache hit)
803 http cache @babel/helper-validator-identifier@https://registry.npmjs.org/@babel/helper-validator-identifier/-/helper-validator-identifier-7.28.5.tgz 0ms (cache hit)
804 http cache @babel/helpers@https://registry.npmjs.org/@babel/helpers/-/helpers-7.28.6.tgz 0ms (cache hit)
805 http cache @babel/helper-plugin-utils@https://registry.npmjs.org/@babel/helper-plugin-utils/-/helper-plugin-utils-7.28.6.tgz 0ms (cache hit)
806 http cache @babel/helper-module-transforms@https://registry.npmjs.org/@babel/helper-module-transforms/-/helper-module-transforms-7.28.6.tgz 0ms (cache hit)
807 http cache @babel/helper-module-imports@https://registry.npmjs.org/@babel/helper-module-imports/-/helper-module-imports-7.28.6.tgz 0ms (cache hit)
808 http cache @babel/helper-globals@https://registry.npmjs.org/@babel/helper-globals/-/helper-globals-7.28.0.tgz 0ms (cache hit)
809 http cache @babel/helper-string-parser@https://registry.npmjs.org/@babel/helper-string-parser/-/helper-string-parser-7.27.1.tgz 0ms (cache hit)
810 http cache @babel/helper-compilation-targets@https://registry.npmjs.org/@babel/helper-compilation-targets/-/helper-compilation-targets-7.28.6.tgz 0ms (cache hit)
811 http cache @babel/generator@https://registry.npmjs.org/@babel/generator/-/generator-7.29.1.tgz 0ms (cache hit)
812 http cache @babel/core@https://registry.npmjs.org/@babel/core/-/core-7.29.0.tgz 0ms (cache hit)
813 http cache @babel/compat-data@https://registry.npmjs.org/@babel/compat-data/-/compat-data-7.29.0.tgz 0ms (cache hit)
814 http cache @babel/code-frame@https://registry.npmjs.org/@babel/code-frame/-/code-frame-7.29.0.tgz 0ms (cache hit)
815 http cache @astrojs/underscore-redirects@https://registry.npmjs.org/@astrojs/underscore-redirects/-/underscore-redirects-1.0.0.tgz 0ms (cache hit)
816 http cache @astrojs/telemetry@https://registry.npmjs.org/@astrojs/telemetry/-/telemetry-3.3.0.tgz 0ms (cache hit)
817 http cache @astrojs/sitemap@https://registry.npmjs.org/@astrojs/sitemap/-/sitemap-3.7.0.tgz 0ms (cache hit)
818 http cache @astrojs/react@https://registry.npmjs.org/@astrojs/react/-/react-4.4.2.tgz 0ms (cache hit)
819 http cache @astrojs/prism@https://registry.npmjs.org/@astrojs/prism/-/prism-3.3.0.tgz 0ms (cache hit)
820 http cache @astrojs/netlify@https://registry.npmjs.org/@astrojs/netlify/-/netlify-6.6.4.tgz 0ms (cache hit)
821 http cache @astrojs/markdown-remark@https://registry.npmjs.org/@astrojs/markdown-remark/-/markdown-remark-6.3.10.tgz 0ms (cache hit)
822 http cache @astrojs/internal-helpers@https://registry.npmjs.org/@astrojs/internal-helpers/-/internal-helpers-0.7.5.tgz 0ms (cache hit)
823 http cache @astrojs/compiler@https://registry.npmjs.org/@astrojs/compiler/-/compiler-2.13.1.tgz 0ms (cache hit)
824 http cache strip-ansi@https://registry.npmjs.org/strip-ansi/-/strip-ansi-6.0.1.tgz 0ms (cache hit)
825 http cache buffer-crc32@https://registry.npmjs.org/buffer-crc32/-/buffer-crc32-0.2.13.tgz 0ms (cache hit)
826 http cache ansi-regex@https://registry.npmjs.org/ansi-regex/-/ansi-regex-5.0.1.tgz 0ms (cache hit)
827 http cache string-width@https://registry.npmjs.org/string-width/-/string-width-4.2.3.tgz 0ms (cache hit)
828 http cache commander@https://registry.npmjs.org/commander/-/commander-2.20.3.tgz 0ms (cache hit)
829 http cache strip-ansi@https://registry.npmjs.org/strip-ansi/-/strip-ansi-6.0.1.tgz 0ms (cache hit)
830 http cache string-width@https://registry.npmjs.org/string-width/-/string-width-4.2.3.tgz 0ms (cache hit)
831 http cache ansi-styles@https://registry.npmjs.org/ansi-styles/-/ansi-styles-4.3.0.tgz 0ms (cache hit)
832 http cache emoji-regex@https://registry.npmjs.org/emoji-regex/-/emoji-regex-8.0.0.tgz 0ms (cache hit)
833 http cache ansi-regex@https://registry.npmjs.org/ansi-regex/-/ansi-regex-5.0.1.tgz 0ms (cache hit)
834 http cache readable-stream@https://registry.npmjs.org/readable-stream/-/readable-stream-3.6.2.tgz 0ms (cache hit)
835 http cache readable-stream@https://registry.npmjs.org/readable-stream/-/readable-stream-3.6.2.tgz 0ms (cache hit)
836 http cache is-stream@https://registry.npmjs.org/is-stream/-/is-stream-2.0.1.tgz 0ms (cache hit)
837 http cache emoji-regex@https://registry.npmjs.org/emoji-regex/-/emoji-regex-8.0.0.tgz 0ms (cache hit)
838 http cache esbuild@https://registry.npmjs.org/esbuild/-/esbuild-0.25.12.tgz 0ms (cache hit)
839 http cache @esbuild/darwin-arm64@https://registry.npmjs.org/@esbuild/darwin-arm64/-/darwin-arm64-0.25.12.tgz 0ms (cache hit)
840 http cache pathe@https://registry.npmjs.org/pathe/-/pathe-1.1.2.tgz 0ms (cache hit)
841 http cache normalize-path@https://registry.npmjs.org/normalize-path/-/normalize-path-2.1.1.tgz 0ms (cache hit)
842 http cache strip-ansi@https://registry.npmjs.org/strip-ansi/-/strip-ansi-6.0.1.tgz 0ms (cache hit)
843 http cache ansi-regex@https://registry.npmjs.org/ansi-regex/-/ansi-regex-5.0.1.tgz 0ms (cache hit)
844 http cache emoji-regex@https://registry.npmjs.org/emoji-regex/-/emoji-regex-8.0.0.tgz 0ms (cache hit)
845 http cache ansi-regex@https://registry.npmjs.org/ansi-regex/-/ansi-regex-5.0.1.tgz 0ms (cache hit)
846 http cache @types/node@https://registry.npmjs.org/@types/node/-/node-17.0.45.tgz 0ms (cache hit)
847 http cache resolve@https://registry.npmjs.org/resolve/-/resolve-1.22.11.tgz 0ms (cache hit)
848 http cache minimatch@https://registry.npmjs.org/minimatch/-/minimatch-5.1.9.tgz 0ms (cache hit)
849 http cache commander@https://registry.npmjs.org/commander/-/commander-12.1.0.tgz 0ms (cache hit)
850 http cache lru-cache@https://registry.npmjs.org/lru-cache/-/lru-cache-10.4.3.tgz 0ms (cache hit)
851 http cache p-limit@https://registry.npmjs.org/p-limit/-/p-limit-4.0.0.tgz 0ms (cache hit)
852 http cache path-key@https://registry.npmjs.org/path-key/-/path-key-4.0.0.tgz 0ms (cache hit)
853 http cache semver@https://registry.npmjs.org/semver/-/semver-6.3.1.tgz 0ms (cache hit)
854 http cache picomatch@https://registry.npmjs.org/picomatch/-/picomatch-2.3.1.tgz 0ms (cache hit)
855 http cache is-plain-obj@https://registry.npmjs.org/is-plain-obj/-/is-plain-obj-2.1.0.tgz 0ms (cache hit)
856 http cache pathe@https://registry.npmjs.org/pathe/-/pathe-1.1.2.tgz 0ms (cache hit)
857 http cache string_decoder@https://registry.npmjs.org/string_decoder/-/string_decoder-1.1.1.tgz 0ms (cache hit)
858 http cache safe-buffer@https://registry.npmjs.org/safe-buffer/-/safe-buffer-5.1.2.tgz 0ms (cache hit)
859 http cache readable-stream@https://registry.npmjs.org/readable-stream/-/readable-stream-2.3.8.tgz 0ms (cache hit)
860 http cache isarray@https://registry.npmjs.org/isarray/-/isarray-1.0.0.tgz 0ms (cache hit)
861 http cache commander@https://registry.npmjs.org/commander/-/commander-10.0.1.tgz 0ms (cache hit)
862 http cache entities@https://registry.npmjs.org/entities/-/entities-7.0.1.tgz 0ms (cache hit)
863 http cache get-stream@https://registry.npmjs.org/get-stream/-/get-stream-5.2.0.tgz 0ms (cache hit)
864 http cache is-stream@https://registry.npmjs.org/is-stream/-/is-stream-3.0.0.tgz 0ms (cache hit)
865 http cache entities@https://registry.npmjs.org/entities/-/entities-4.5.0.tgz 0ms (cache hit)
866 http cache lru-cache@https://registry.npmjs.org/lru-cache/-/lru-cache-10.4.3.tgz 0ms (cache hit)
867 http cache mdn-data@https://registry.npmjs.org/mdn-data/-/mdn-data-2.0.28.tgz 0ms (cache hit)
868 http cache is-stream@https://registry.npmjs.org/is-stream/-/is-stream-2.0.1.tgz 0ms (cache hit)
869 http cache css-tree@https://registry.npmjs.org/css-tree/-/css-tree-2.2.1.tgz 0ms (cache hit)
870 http cache color-name@https://registry.npmjs.org/color-name/-/color-name-2.1.0.tgz 0ms (cache hit)
871 http cache color-name@https://registry.npmjs.org/color-name/-/color-name-2.1.0.tgz 0ms (cache hit)
872 http cache color-convert@https://registry.npmjs.org/color-convert/-/color-convert-3.1.3.tgz 0ms (cache hit)
873 http cache wrap-ansi@https://registry.npmjs.org/wrap-ansi/-/wrap-ansi-7.0.0.tgz 0ms (cache hit)
874 http cache strip-ansi@https://registry.npmjs.org/strip-ansi/-/strip-ansi-6.0.1.tgz 0ms (cache hit)
875 http cache string-width@https://registry.npmjs.org/string-width/-/string-width-4.2.3.tgz 0ms (cache hit)
876 http cache emoji-regex@https://registry.npmjs.org/emoji-regex/-/emoji-regex-8.0.0.tgz 0ms (cache hit)
877 http cache ansi-styles@https://registry.npmjs.org/ansi-styles/-/ansi-styles-4.3.0.tgz 0ms (cache hit)
878 http cache ansi-regex@https://registry.npmjs.org/ansi-regex/-/ansi-regex-5.0.1.tgz 0ms (cache hit)
879 http cache chalk@https://registry.npmjs.org/chalk/-/chalk-4.1.2.tgz 0ms (cache hit)
880 http cache ansi-styles@https://registry.npmjs.org/ansi-styles/-/ansi-styles-4.3.0.tgz 0ms (cache hit)
881 http cache is-stream@https://registry.npmjs.org/is-stream/-/is-stream-2.0.1.tgz 0ms (cache hit)
882 http cache picomatch@https://registry.npmjs.org/picomatch/-/picomatch-2.3.1.tgz 0ms (cache hit)
883 http cache strip-ansi@https://registry.npmjs.org/strip-ansi/-/strip-ansi-6.0.1.tgz 0ms (cache hit)
884 http cache string-width@https://registry.npmjs.org/string-width/-/string-width-4.2.3.tgz 0ms (cache hit)
885 http cache emoji-regex@https://registry.npmjs.org/emoji-regex/-/emoji-regex-8.0.0.tgz 0ms (cache hit)
886 http cache ansi-regex@https://registry.npmjs.org/ansi-regex/-/ansi-regex-5.0.1.tgz 0ms (cache hit)
887 http cache urlpattern-polyfill@https://registry.npmjs.org/urlpattern-polyfill/-/urlpattern-polyfill-10.1.0.tgz 0ms (cache hit)
888 http cache estree-walker@https://registry.npmjs.org/estree-walker/-/estree-walker-2.0.2.tgz 0ms (cache hit)
889 http cache estree-walker@https://registry.npmjs.org/estree-walker/-/estree-walker-2.0.2.tgz 0ms (cache hit)
890 http cache entities@https://registry.npmjs.org/entities/-/entities-7.0.1.tgz 0ms (cache hit)
891 http cache estree-walker@https://registry.npmjs.org/estree-walker/-/estree-walker-2.0.2.tgz 0ms (cache hit)
892 http cache minimatch@https://registry.npmjs.org/minimatch/-/minimatch-10.2.4.tgz 0ms (cache hit)
893 http cache brace-expansion@https://registry.npmjs.org/brace-expansion/-/brace-expansion-5.0.4.tgz 0ms (cache hit)
894 http cache balanced-match@https://registry.npmjs.org/balanced-match/-/balanced-match-4.0.4.tgz 0ms (cache hit)
895 http cache estree-walker@https://registry.npmjs.org/estree-walker/-/estree-walker-2.0.2.tgz 0ms (cache hit)
896 http cache estree-walker@https://registry.npmjs.org/estree-walker/-/estree-walker-2.0.2.tgz 0ms (cache hit)
897 http cache esbuild@https://registry.npmjs.org/esbuild/-/esbuild-0.27.2.tgz 0ms (cache hit)
898 http cache @vercel/nft@https://registry.npmjs.org/@vercel/nft/-/nft-0.29.4.tgz 0ms (cache hit)
899 http cache @esbuild/darwin-arm64@https://registry.npmjs.org/@esbuild/darwin-arm64/-/darwin-arm64-0.27.2.tgz 0ms (cache hit)
900 http cache uuid@https://registry.npmjs.org/uuid/-/uuid-11.1.0.tgz 0ms (cache hit)
901 http cache json-schema-traverse@https://registry.npmjs.org/json-schema-traverse/-/json-schema-traverse-1.0.0.tgz 0ms (cache hit)
902 http cache path-key@https://registry.npmjs.org/path-key/-/path-key-4.0.0.tgz 0ms (cache hit)
903 http cache ajv-errors@https://registry.npmjs.org/ajv-errors/-/ajv-errors-3.0.0.tgz 0ms (cache hit)
904 http cache esbuild@https://registry.npmjs.org/esbuild/-/esbuild-0.27.2.tgz 0ms (cache hit)
905 http cache ajv@https://registry.npmjs.org/ajv/-/ajv-8.18.0.tgz 0ms (cache hit)
906 http cache @esbuild/darwin-arm64@https://registry.npmjs.org/@esbuild/darwin-arm64/-/darwin-arm64-0.27.2.tgz 0ms (cache hit)
907 http cache readdirp@https://registry.npmjs.org/readdirp/-/readdirp-4.1.2.tgz 0ms (cache hit)
908 http cache chokidar@https://registry.npmjs.org/chokidar/-/chokidar-4.0.3.tgz 0ms (cache hit)
909 http cache zod@https://registry.npmjs.org/zod/-/zod-4.3.6.tgz 0ms (cache hit)
910 http cache node-fetch@https://registry.npmjs.org/node-fetch/-/node-fetch-3.3.2.tgz 0ms (cache hit)
911 http cache wrap-ansi@https://registry.npmjs.org/wrap-ansi/-/wrap-ansi-8.1.0.tgz 0ms (cache hit)
912 http cache emoji-regex@https://registry.npmjs.org/emoji-regex/-/emoji-regex-9.2.2.tgz 0ms (cache hit)
913 http cache string-width@https://registry.npmjs.org/string-width/-/string-width-5.1.2.tgz 0ms (cache hit)
914 http cache yallist@https://registry.npmjs.org/yallist/-/yallist-3.1.1.tgz 0ms (cache hit)
915 http cache semver@https://registry.npmjs.org/semver/-/semver-6.3.1.tgz 0ms (cache hit)
916 http cache lru-cache@https://registry.npmjs.org/lru-cache/-/lru-cache-5.1.1.tgz 0ms (cache hit)
917 http cache semver@https://registry.npmjs.org/semver/-/semver-6.3.1.tgz 0ms (cache hit)
918 http cache esbuild@https://registry.npmjs.org/esbuild/-/esbuild-0.25.12.tgz 0ms (cache hit)
919 http cache @esbuild/darwin-arm64@https://registry.npmjs.org/@esbuild/darwin-arm64/-/darwin-arm64-0.25.12.tgz 0ms (cache hit)
920 warn deprecated whatwg-encoding@3.1.1: Use @exodus/bytes instead for a more spec-conformant and faster implementation
921 http fetch POST 200 https://registry.npmjs.org/-/npm/v1/security/advisories/bulk 1049ms
922 silly audit report {
922 silly audit report   uuid: [
922 silly audit report     {
922 silly audit report       id: 1117635,
922 silly audit report       url: 'https://github.com/advisories/GHSA-w5hq-g745-h8pq',
922 silly audit report       title: 'uuid: Missing buffer bounds check in v3/v5/v6 when buf is provided',
922 silly audit report       severity: 'moderate',
922 silly audit report       vulnerable_versions: '>=13.0.0 <13.0.1',
922 silly audit report       cwe: [Array],
922 silly audit report       cvss: [Object]
922 silly audit report     },
922 silly audit report     {
922 silly audit report       id: 1117637,
922 silly audit report       url: 'https://github.com/advisories/GHSA-w5hq-g745-h8pq',
922 silly audit report       title: 'uuid: Missing buffer bounds check in v3/v5/v6 when buf is provided',
922 silly audit report       severity: 'moderate',
922 silly audit report       vulnerable_versions: '>=11.0.0 <11.1.1',
922 silly audit report       cwe: [Array],
922 silly audit report       cvss: [Object]
922 silly audit report     }
922 silly audit report   ],
922 silly audit report   'brace-expansion': [
922 silly audit report     {
922 silly audit report       id: 1115541,
922 silly audit report       url: 'https://github.com/advisories/GHSA-f886-m6hf-6m8v',
922 silly audit report       title: 'brace-expansion: Zero-step sequence causes process hang and memory exhaustion',
922 silly audit report       severity: 'moderate',
922 silly audit report       vulnerable_versions: '>=2.0.0 <2.0.3',
922 silly audit report       cwe: [Array],
922 silly audit report       cvss: [Object]
922 silly audit report     },
922 silly audit report     {
922 silly audit report       id: 1115543,
922 silly audit report       url: 'https://github.com/advisories/GHSA-f886-m6hf-6m8v',
922 silly audit report       title: 'brace-expansion: Zero-step sequence causes process hang and memory exhaustion',
922 silly audit report       severity: 'moderate',
922 silly audit report       vulnerable_versions: '>=4.0.0 <5.0.5',
922 silly audit report       cwe: [Array],
922 silly audit report       cvss: [Object]
922 silly audit report     }
922 silly audit report   ],
922 silly audit report   picomatch: [
922 silly audit report     {
922 silly audit report       id: 1115549,
922 silly audit report       url: 'https://github.com/advisories/GHSA-3v7f-55p6-f55p',
922 silly audit report       title: 'Picomatch: Method Injection in POSIX Character Classes causes incorrect Glob Matching',
922 silly audit report       severity: 'moderate',
922 silly audit report       vulnerable_versions: '<2.3.2',
922 silly audit report       cwe: [Array],
922 silly audit report       cvss: [Object]
922 silly audit report     },
922 silly audit report     {
922 silly audit report       id: 1115551,
922 silly audit report       url: 'https://github.com/advisories/GHSA-3v7f-55p6-f55p',
922 silly audit report       title: 'Picomatch: Method Injection in POSIX Character Classes causes incorrect Glob Matching',
922 silly audit report       severity: 'moderate',
922 silly audit report       vulnerable_versions: '>=4.0.0 <4.0.4',
922 silly audit report       cwe: [Array],
922 silly audit report       cvss: [Object]
922 silly audit report     },
922 silly audit report     {
922 silly audit report       id: 1115552,
922 silly audit report       url: 'https://github.com/advisories/GHSA-c2c7-rcm5-vvqj',
922 silly audit report       title: 'Picomatch has a ReDoS vulnerability via extglob quantifiers',
922 silly audit report       severity: 'high',
922 silly audit report       vulnerable_versions: '<2.3.2',
922 silly audit report       cwe: [Array],
922 silly audit report       cvss: [Object]
922 silly audit report     },
922 silly audit report     {
922 silly audit report       id: 1115554,
922 silly audit report       url: 'https://github.com/advisories/GHSA-c2c7-rcm5-vvqj',
922 silly audit report       title: 'Picomatch has a ReDoS vulnerability via extglob quantifiers',
922 silly audit report       severity: 'high',
922 silly audit report       vulnerable_versions: '>=4.0.0 <4.0.4',
922 silly audit report       cwe: [Array],
922 silly audit report       cvss: [Object]
922 silly audit report     }
922 silly audit report   ],
922 silly audit report   astro: [
922 silly audit report     {
922 silly audit report       id: 1115427,
922 silly audit report       url: 'https://github.com/advisories/GHSA-g735-7g2w-hh3f',
922 silly audit report       title: 'Astro: Remote allowlist bypass via unanchored matchPathname wildcard',
922 silly audit report       severity: 'low',
922 silly audit report       vulnerable_versions: '>=2.10.10 <5.18.1',
922 silly audit report       cwe: [Array],
922 silly audit report       cvss: [Object]
922 silly audit report     },
922 silly audit report     {
922 silly audit report       id: 1117141,
922 silly audit report       url: 'https://github.com/advisories/GHSA-j687-52p2-xcff',
922 silly audit report       title: 'Astro: XSS in define:vars via incomplete </script> tag sanitization',
922 silly audit report       severity: 'moderate',
922 silly audit report       vulnerable_versions: '<6.1.6',
922 silly audit report       cwe: [Array],
922 silly audit report       cvss: [Object]
922 silly audit report     }
922 silly audit report   ],
922 silly audit report   defu: [
922 silly audit report     {
922 silly audit report       id: 1116102,
922 silly audit report       url: 'https://github.com/advisories/GHSA-737v-mqg7-c878',
922 silly audit report       title: 'defu: Prototype pollution via `__proto__` key in defaults argument',
922 silly audit report       severity: 'high',
922 silly audit report       vulnerable_versions: '<=6.1.4',
922 silly audit report       cwe: [Array],
922 silly audit report       cvss: [Object]
922 silly audit report     }
922 silly audit report   ],
922 silly audit report   devalue: [
922 silly audit report     {
922 silly audit report       id: 1114438,
922 silly audit report       url: 'https://github.com/advisories/GHSA-cfw5-2vxh-hr84',
922 silly audit report       title: 'devalue has prototype pollution in devalue.parse and devalue.unflatten',
922 silly audit report       severity: 'moderate',
922 silly audit report       vulnerable_versions: '<5.6.4',
922 silly audit report       cwe: [Array],
922 silly audit report       cvss: [Object]
922 silly audit report     },
922 silly audit report     {
922 silly audit report       id: 1114471,
922 silly audit report       url: 'https://github.com/advisories/GHSA-mwv9-gp5h-frr4',
922 silly audit report       title: "Sveltejs devalue's `devalue.parse` and `devalue.unflatten` emit objects with `__proto__` own properties",
922 silly audit report       severity: 'low',
922 silly audit report       vulnerable_versions: '<=5.6.3',
922 silly audit report       cwe: [Array],
922 silly audit report       cvss: [Object]
922 silly audit report     }
922 silly audit report   ],
922 silly audit report   'fast-uri': [
922 silly audit report     {
922 silly audit report       id: 1117884,
922 silly audit report       url: 'https://github.com/advisories/GHSA-v39h-62p7-jpjc',
922 silly audit report       title: 'fast-uri vulnerable to host confusion via percent-encoded authority delimiters',
922 silly audit report       severity: 'high',
922 silly audit report       vulnerable_versions: '<=3.1.1',
922 silly audit report       cwe: [Array],
922 silly audit report       cvss: [Object]
922 silly audit report     },
922 silly audit report     {
922 silly audit report       id: 1117870,
922 silly audit report       url: 'https://github.com/advisories/GHSA-q3j6-qgpj-74h6',
922 silly audit report       title: 'fast-uri vulnerable to path traversal via percent-encoded dot segments',
922 silly audit report       severity: 'high',
922 silly audit report       vulnerable_versions: '<=3.1.0',
922 silly audit report       cwe: [Array],
922 silly audit report       cvss: [Object]
922 silly audit report     }
922 silly audit report   ],
922 silly audit report   h3: [
922 silly audit report     {
922 silly audit report       id: 1115114,
922 silly audit report       url: 'https://github.com/advisories/GHSA-4hxc-9384-m385',
922 silly audit report       title: 'h3: SSE Event Injection via Unsanitized Carriage Return (`\\r`) in EventStream Data and Comment Fields (Bypass of CVE Fix)',
922 silly audit report       severity: 'moderate',
922 silly audit report       vulnerable_versions: '<1.15.9',
922 silly audit report       cwe: [Array],
922 silly audit report       cvss: [Object]
922 silly audit report     },
922 silly audit report     {
922 silly audit report       id: 1115117,
922 silly audit report       url: 'https://github.com/advisories/GHSA-72gr-qfp7-vwhw',
922 silly audit report       title: 'h3: Double Decoding in `serveStatic` Bypasses `resolveDotSegments` Path Traversal Protection via `%252e%252e`',
922 silly audit report       severity: 'moderate',
922 silly audit report       vulnerable_versions: '<=1.15.8',
922 silly audit report       cwe: [Array],
922 silly audit report       cvss: [Object]
922 silly audit report     }
922 silly audit report   ],
922 silly audit report   lodash: [
922 silly audit report     {
922 silly audit report       id: 1115806,
922 silly audit report       url: 'https://github.com/advisories/GHSA-r5fr-rjxr-66jc',
922 silly audit report       title: 'lodash vulnerable to Code Injection via `_.template` imports key names',
922 silly audit report       severity: 'high',
922 silly audit report       vulnerable_versions: '>=4.0.0 <=4.17.23',
922 silly audit report       cwe: [Array],
922 silly audit report       cvss: [Object]
922 silly audit report     },
922 silly audit report     {
922 silly audit report       id: 1115810,
922 silly audit report       url: 'https://github.com/advisories/GHSA-f23m-r3pf-42rh',
922 silly audit report       title: 'lodash vulnerable to Prototype Pollution via array path bypass in `_.unset` and `_.omit`',
922 silly audit report       severity: 'moderate',
922 silly audit report       vulnerable_versions: '<=4.17.23',
922 silly audit report       cwe: [Array],
922 silly audit report       cvss: [Object]
922 silly audit report     }
922 silly audit report   ],
922 silly audit report   'node-forge': [
922 silly audit report     {
922 silly audit report       id: 1115545,
922 silly audit report       url: 'https://github.com/advisories/GHSA-2328-f5f3-gj25',
922 silly audit report       title: 'Forge has a basicConstraints bypass in its certificate chain verification (RFC 5280 violation)',
922 silly audit report       severity: 'high',
922 silly audit report       vulnerable_versions: '<=1.3.3',
922 silly audit report       cwe: [Array],
922 silly audit report       cvss: [Object]
922 silly audit report     },
922 silly audit report     {
922 silly audit report       id: 1115546,
922 silly audit report       url: 'https://github.com/advisories/GHSA-q67f-28xg-22rw',
922 silly audit report       title: 'Forge has signature forgery in Ed25519 due to missing S > L check',
922 silly audit report       severity: 'high',
922 silly audit report       vulnerable_versions: '<1.4.0',
922 silly audit report       cwe: [Array],
922 silly audit report       cvss: [Object]
922 silly audit report     },
922 silly audit report     {
922 silly audit report       id: 1115548,
922 silly audit report       url: 'https://github.com/advisories/GHSA-5m6q-g25r-mvwx',
922 silly audit report       title: 'Forge has Denial of Service via Infinite Loop in BigInteger.modInverse() with Zero Input',
922 silly audit report       severity: 'high',
922 silly audit report       vulnerable_versions: '<1.4.0',
922 silly audit report       cwe: [Array],
922 silly audit report       cvss: [Object]
922 silly audit report     },
922 silly audit report     {
922 silly audit report       id: 1115612,
922 silly audit report       url: 'https://github.com/advisories/GHSA-ppp5-5v6c-4jwp',
922 silly audit report       title: 'Forge has signature forgery in RSA-PKCS due to ASN.1 extra field  ',
922 silly audit report       severity: 'high',
922 silly audit report       vulnerable_versions: '<1.4.0',
922 silly audit report       cwe: [Array],
922 silly audit report       cvss: [Object]
922 silly audit report     }
922 silly audit report   ],
922 silly audit report   postcss: [
922 silly audit report     {
922 silly audit report       id: 1117015,
922 silly audit report       url: 'https://github.com/advisories/GHSA-qx2v-qp2m-jg93',
922 silly audit report       title: 'PostCSS has XSS via Unescaped </style> in its CSS Stringify Output',
922 silly audit report       severity: 'moderate',
922 silly audit report       vulnerable_versions: '<8.5.10',
922 silly audit report       cwe: [Array],
922 silly audit report       cvss: [Object]
922 silly audit report     }
922 silly audit report   ],
922 silly audit report   'smol-toml': [
922 silly audit report     {
922 silly audit report       id: 1115393,
922 silly audit report       url: 'https://github.com/advisories/GHSA-v3rj-xjv7-4jmq',
922 silly audit report       title: 'smol-toml: Denial of Service via TOML documents containing thousands of consecutive commented lines',
922 silly audit report       severity: 'moderate',
922 silly audit report       vulnerable_versions: '<1.6.1',
922 silly audit report       cwe: [Array],
922 silly audit report       cvss: [Object]
922 silly audit report     }
922 silly audit report   ],
922 silly audit report   vite: [
922 silly audit report     {
922 silly audit report       id: 1116229,
922 silly audit report       url: 'https://github.com/advisories/GHSA-4w7w-66w2-5vf9',
922 silly audit report       title: 'Vite Vulnerable to Path Traversal in Optimized Deps `.map` Handling',
922 silly audit report       severity: 'moderate',
922 silly audit report       vulnerable_versions: '<=6.4.1',
922 silly audit report       cwe: [Array],
922 silly audit report       cvss: [Object]
922 silly audit report     },
922 silly audit report     {
922 silly audit report       id: 1116234,
922 silly audit report       url: 'https://github.com/advisories/GHSA-p9ff-h696-f583',
922 silly audit report       title: 'Vite Vulnerable to Arbitrary File Read via Vite Dev Server WebSocket',
922 silly audit report       severity: 'high',
922 silly audit report       vulnerable_versions: '>=6.0.0 <=6.4.1',
922 silly audit report       cwe: [Array],
922 silly audit report       cvss: [Object]
922 silly audit report     }
922 silly audit report   ],
922 silly audit report   yaml: [
922 silly audit report     {
922 silly audit report       id: 1115556,
922 silly audit report       url: 'https://github.com/advisories/GHSA-48c2-rrv3-qjmp',
922 silly audit report       title: 'yaml is vulnerable to Stack Overflow via deeply nested YAML collections',
922 silly audit report       severity: 'moderate',
922 silly audit report       vulnerable_versions: '>=2.0.0 <2.8.3',
922 silly audit report       cwe: [Array],
922 silly audit report       cvss: [Object]
922 silly audit report     }
922 silly audit report   ]
922 silly audit report }
923 silly packumentCache corgi:https://registry.npmjs.org/uuid cache-miss
924 silly packumentCache corgi:https://registry.npmjs.org/brace-expansion cache-miss
925 silly packumentCache corgi:https://registry.npmjs.org/picomatch cache-miss
926 silly packumentCache corgi:https://registry.npmjs.org/astro cache-miss
927 silly packumentCache corgi:https://registry.npmjs.org/defu cache-miss
928 silly packumentCache corgi:https://registry.npmjs.org/devalue cache-miss
929 silly packumentCache corgi:https://registry.npmjs.org/fast-uri cache-miss
930 silly packumentCache corgi:https://registry.npmjs.org/h3 cache-miss
931 silly packumentCache corgi:https://registry.npmjs.org/lodash cache-miss
932 silly packumentCache corgi:https://registry.npmjs.org/node-forge cache-miss
933 silly packumentCache corgi:https://registry.npmjs.org/postcss cache-miss
934 silly packumentCache corgi:https://registry.npmjs.org/smol-toml cache-miss
935 silly packumentCache corgi:https://registry.npmjs.org/vite cache-miss
936 silly packumentCache corgi:https://registry.npmjs.org/yaml cache-miss
937 http fetch GET 200 https://registry.npmjs.org/fast-uri 137ms (cache miss)
938 silly packumentCache corgi:https://registry.npmjs.org/fast-uri set size:undefined disposed:false
939 http fetch GET 200 https://registry.npmjs.org/picomatch 159ms (cache revalidated)
940 silly packumentCache corgi:https://registry.npmjs.org/picomatch set size:44414 disposed:false
941 http fetch GET 200 https://registry.npmjs.org/node-forge 217ms (cache revalidated)
942 silly packumentCache corgi:https://registry.npmjs.org/node-forge set size:106633 disposed:false
943 http fetch GET 200 https://registry.npmjs.org/smol-toml 234ms (cache revalidated)
944 silly packumentCache corgi:https://registry.npmjs.org/smol-toml set size:21871 disposed:false
945 http fetch GET 200 https://registry.npmjs.org/brace-expansion 253ms (cache updated)
946 silly packumentCache corgi:https://registry.npmjs.org/brace-expansion set size:undefined disposed:false
947 http fetch GET 200 https://registry.npmjs.org/uuid 291ms (cache updated)
948 silly packumentCache corgi:https://registry.npmjs.org/uuid set size:undefined disposed:false
949 http fetch GET 200 https://registry.npmjs.org/devalue 293ms (cache updated)
950 silly packumentCache corgi:https://registry.npmjs.org/devalue set size:undefined disposed:false
951 http fetch GET 200 https://registry.npmjs.org/lodash 297ms (cache updated)
952 silly packumentCache corgi:https://registry.npmjs.org/lodash set size:undefined disposed:false
953 http fetch GET 200 https://registry.npmjs.org/yaml 352ms (cache updated)
954 silly packumentCache corgi:https://registry.npmjs.org/yaml set size:undefined disposed:false
955 warn deprecated node-domexception@1.0.0: Use your platform's native DOMException instead
956 http fetch GET 200 https://registry.npmjs.org/defu 391ms (cache revalidated)
957 silly packumentCache corgi:https://registry.npmjs.org/defu set size:48151 disposed:false
958 http fetch GET 200 https://registry.npmjs.org/postcss 400ms (cache updated)
959 silly packumentCache corgi:https://registry.npmjs.org/postcss set size:undefined disposed:false
960 http fetch GET 200 https://registry.npmjs.org/h3 474ms (cache updated)
961 silly packumentCache corgi:https://registry.npmjs.org/h3 set size:undefined disposed:false
962 http fetch GET 200 https://registry.npmjs.org/vite 600ms (cache updated)
963 silly packumentCache corgi:https://registry.npmjs.org/vite set size:undefined disposed:false
964 warn deprecated glob@10.5.0: Old versions of glob are not supported, and contain widely publicized security vulnerabilities, which have been fixed in the current version. Please update. Support for old versions may be purchased (at exorbitant rates) by contacting i@izs.me
965 http fetch GET 200 https://registry.npmjs.org/astro 726ms (cache updated)
966 silly packumentCache corgi:https://registry.npmjs.org/astro set size:undefined disposed:false
967 silly packumentCache corgi:https://registry.npmjs.org/@netlify%2fdev-utils cache-miss
968 http fetch GET 200 https://registry.npmjs.org/@netlify%2fdev-utils 417ms (cache revalidated)
969 silly packumentCache corgi:https://registry.npmjs.org/@netlify%2fdev-utils set size:32187 disposed:false
970 silly packumentCache corgi:https://registry.npmjs.org/@netlify%2fedge-bundler cache-miss
971 info run @parcel/watcher@2.5.6 install node_modules/@parcel/watcher node scripts/build-from-source.js
972 info run sharp@0.34.5 install node_modules/sharp node install/check.js || npm run build
973 info run @parcel/watcher@2.5.6 install { code: 0, signal: null }
974 info run sharp@0.34.5 install { code: 0, signal: null }
975 info run esbuild@0.27.3 postinstall node_modules/esbuild node install.js
976 info run esbuild@0.25.12 postinstall node_modules/@astrojs/netlify/node_modules/esbuild node install.js
977 info run esbuild@0.27.2 postinstall node_modules/@netlify/edge-bundler/node_modules/esbuild node install.js
978 info run esbuild@0.27.2 postinstall node_modules/@netlify/zip-it-and-ship-it/node_modules/esbuild node install.js
979 info run esbuild@0.25.12 postinstall node_modules/vite/node_modules/esbuild node install.js
980 http fetch GET 200 https://registry.npmjs.org/@netlify%2fedge-bundler 436ms (cache revalidated)
981 silly packumentCache corgi:https://registry.npmjs.org/@netlify%2fedge-bundler set size:386050 disposed:false
982 silly packumentCache corgi:https://registry.npmjs.org/minimatch cache-miss
983 http fetch GET 200 https://registry.npmjs.org/minimatch 32ms (cache revalidated)
984 silly packumentCache corgi:https://registry.npmjs.org/minimatch set size:168441 disposed:false
985 silly packumentCache corgi:https://registry.npmjs.org/anymatch cache-miss
986 silly packumentCache corgi:https://registry.npmjs.org/micromatch cache-miss
987 http fetch GET 200 https://registry.npmjs.org/micromatch 24ms (cache revalidated)
988 silly packumentCache corgi:https://registry.npmjs.org/micromatch set size:71776 disposed:false
989 http fetch GET 200 https://registry.npmjs.org/anymatch 25ms (cache revalidated)
990 silly packumentCache corgi:https://registry.npmjs.org/anymatch set size:18345 disposed:false
991 silly packumentCache corgi:https://registry.npmjs.org/@vercel%2fnft cache-miss
992 silly packumentCache corgi:https://registry.npmjs.org/@parcel%2fwatcher cache-miss
993 silly packumentCache corgi:https://registry.npmjs.org/@parcel%2fwatcher-wasm cache-miss
994 silly packumentCache corgi:https://registry.npmjs.org/@rollup%2fpluginutils cache-miss
995 silly packumentCache corgi:https://registry.npmjs.org/fdir cache-miss
996 silly packumentCache corgi:https://registry.npmjs.org/tinyglobby cache-miss
997 http fetch GET 200 https://registry.npmjs.org/tinyglobby 44ms (cache revalidated)
998 silly packumentCache corgi:https://registry.npmjs.org/tinyglobby set size:18884 disposed:false
999 http fetch GET 200 https://registry.npmjs.org/fdir 44ms (cache revalidated)
1000 silly packumentCache corgi:https://registry.npmjs.org/fdir set size:76905 disposed:false
1001 http fetch GET 200 https://registry.npmjs.org/@rollup%2fpluginutils 51ms (cache revalidated)
1002 silly packumentCache corgi:https://registry.npmjs.org/@rollup%2fpluginutils set size:47240 disposed:false
1003 http fetch GET 200 https://registry.npmjs.org/@parcel%2fwatcher 56ms (cache revalidated)
1004 silly packumentCache corgi:https://registry.npmjs.org/@parcel%2fwatcher set size:66438 disposed:false
1005 http fetch GET 200 https://registry.npmjs.org/@vercel%2fnft 65ms (cache revalidated)
1006 silly packumentCache corgi:https://registry.npmjs.org/@vercel%2fnft set size:294929 disposed:false
1007 info run esbuild@0.25.12 postinstall { code: 0, signal: null }
1008 info run esbuild@0.27.2 postinstall { code: 0, signal: null }
1009 http fetch GET 200 https://registry.npmjs.org/@parcel%2fwatcher-wasm 377ms (cache revalidated)
1010 silly packumentCache corgi:https://registry.npmjs.org/@parcel%2fwatcher-wasm set size:9207 disposed:false
1011 silly packumentCache corgi:https://registry.npmjs.org/@astrojs%2fnetlify cache-miss
1012 info run esbuild@0.27.3 postinstall { code: 0, signal: null }
1013 info run esbuild@0.25.12 postinstall { code: 0, signal: null }
1014 info run esbuild@0.27.2 postinstall { code: 0, signal: null }
1015 http fetch GET 200 https://registry.npmjs.org/@astrojs%2fnetlify 506ms (cache updated)
1016 silly packumentCache corgi:https://registry.npmjs.org/@astrojs%2fnetlify set size:undefined disposed:false
1017 silly packumentCache corgi:https://registry.npmjs.org/ipx cache-miss
1018 silly packumentCache corgi:https://registry.npmjs.org/listhen cache-miss
1019 http fetch GET 200 https://registry.npmjs.org/ipx 193ms (cache revalidated)
1020 silly packumentCache corgi:https://registry.npmjs.org/ipx set size:136869 disposed:false
1021 http fetch GET 200 https://registry.npmjs.org/listhen 232ms (cache updated)
1022 silly packumentCache corgi:https://registry.npmjs.org/listhen set size:undefined disposed:false
1023 silly packumentCache corgi:https://registry.npmjs.org/ajv cache-miss
1024 http fetch GET 200 https://registry.npmjs.org/ajv 71ms (cache miss)
1025 silly packumentCache corgi:https://registry.npmjs.org/ajv set size:undefined disposed:false
1026 silly packumentCache corgi:https://registry.npmjs.org/unstorage cache-miss
1027 http fetch GET 200 https://registry.npmjs.org/unstorage 29ms (cache revalidated)
1028 silly packumentCache corgi:https://registry.npmjs.org/unstorage set size:215366 disposed:false
1029 silly packumentCache corgi:https://registry.npmjs.org/archiver-utils cache-miss
1030 http fetch GET 200 https://registry.npmjs.org/archiver-utils 30ms (cache revalidated)
1031 silly packumentCache corgi:https://registry.npmjs.org/archiver-utils set size:14649 disposed:false
1032 silly packumentCache corgi:https://registry.npmjs.org/@vue%2fcompiler-sfc cache-miss
1033 silly packumentCache corgi:https://registry.npmjs.org/detective-postcss cache-miss
1034 silly packumentCache corgi:https://registry.npmjs.org/postcss-values-parser cache-miss
1035 silly packumentCache corgi:https://registry.npmjs.org/precinct cache-miss
1036 http fetch GET 200 https://registry.npmjs.org/@vue%2fcompiler-sfc 127ms (cache updated)
1037 silly packumentCache corgi:https://registry.npmjs.org/@vue%2fcompiler-sfc set size:undefined disposed:false
1038 http fetch GET 200 https://registry.npmjs.org/detective-postcss 229ms (cache revalidated)
1039 silly packumentCache corgi:https://registry.npmjs.org/detective-postcss set size:32839 disposed:false
1040 http fetch GET 200 https://registry.npmjs.org/precinct 235ms (cache updated)
1041 silly packumentCache corgi:https://registry.npmjs.org/precinct set size:undefined disposed:false
1042 http fetch GET 200 https://registry.npmjs.org/postcss-values-parser 279ms (cache revalidated)
1043 silly packumentCache corgi:https://registry.npmjs.org/postcss-values-parser set size:61225 disposed:false
1044 silly packumentCache corgi:https://registry.npmjs.org/@astrojs%2fmarkdown-remark cache-miss
1045 http fetch GET 200 https://registry.npmjs.org/@astrojs%2fmarkdown-remark 500ms (cache revalidated)
1046 silly packumentCache corgi:https://registry.npmjs.org/@astrojs%2fmarkdown-remark set size:317803 disposed:false
1047 silly packumentCache corgi:https://registry.npmjs.org/@astrojs%2freact cache-miss
1048 silly packumentCache corgi:https://registry.npmjs.org/@netlify%2fvite-plugin cache-miss
1049 silly packumentCache corgi:https://registry.npmjs.org/@vitejs%2fplugin-react cache-miss
1050 silly packumentCache corgi:https://registry.npmjs.org/vitefu cache-miss
1051 http fetch GET 200 https://registry.npmjs.org/vitefu 120ms (cache revalidated)
1052 silly packumentCache corgi:https://registry.npmjs.org/vitefu set size:22407 disposed:false
1053 http fetch GET 200 https://registry.npmjs.org/@vitejs%2fplugin-react 148ms (cache updated)
1054 silly packumentCache corgi:https://registry.npmjs.org/@vitejs%2fplugin-react set size:undefined disposed:false
1055 http fetch GET 200 https://registry.npmjs.org/@astrojs%2freact 214ms (cache updated)
1056 silly packumentCache corgi:https://registry.npmjs.org/@astrojs%2freact set size:undefined disposed:false
1057 http fetch GET 200 https://registry.npmjs.org/@netlify%2fvite-plugin 543ms (cache updated)
1058 silly packumentCache corgi:https://registry.npmjs.org/@netlify%2fvite-plugin set size:undefined disposed:false
1059 silly packumentCache corgi:https://registry.npmjs.org/@netlify%2fconfig cache-miss
1060 http fetch GET 200 https://registry.npmjs.org/@netlify%2fconfig 423ms (cache revalidated)
1061 silly packumentCache corgi:https://registry.npmjs.org/@netlify%2fconfig set size:934764 disposed:false
1062 verbose cwd /Users/alexander/Documents/healthy-air-hvac-template-astro
1063 verbose os Darwin 24.6.0
1064 verbose node v24.13.0
1065 verbose npm  v11.6.2
1066 verbose exit 0
1067 info ok
